checking_status,credit_history,purpose,credit_amount,saving_status,employment,personal_status,age,job,class
<0,critical/other existing credit,radio/tv,1169,no known savings,>=7,male single,67,skilled,good
0<=X<200,existing paid,radio/tv,5951,<100,1<=X<4,female div/dep/mar,22,skilled,bad
no checking,critical/other existing credit,education,2096,<100,4<=X<7,male single,49,unskilled resident,good
<0,existing paid,furniture/equipment,7882,<100,4<=X<7,male single,45,skilled,good
<0,delayed previously,new car,4870,<100,1<=X<4,male single,53,skilled,bad
no checking,existing paid,education,9055,no known savings,1<=X<4,male single,35,unskilled resident,good
no checking,existing paid,furniture/equipment,2835,500<=X<1000,>=7,male single,53,skilled,good
0<=X<200,existing paid,used car,6948,<100,1<=X<4,male single,35,high qualif/self emp/mgmt,good
no checking,existing paid,radio/tv,3059,>=1000,4<=X<7,male div/sep,61,unskilled resident,good
0<=X<200,critical/other existing credit,new car,5234,<100,unemployed,male mar/wid,28,high qualif/self emp/mgmt,bad
0<=X<200,existing paid,new car,1295,<100,<1,female div/dep/mar,25,skilled,bad
<0,existing paid,business,4308,<100,<1,female div/dep/mar,24,skilled,bad
0<=X<200,existing paid,radio/tv,1567,<100,1<=X<4,female div/dep/mar,22,skilled,good
<0,critical/other existing credit,new car,1199,<100,>=7,male single,60,unskilled resident,bad
<0,existing paid,new car,1403,<100,1<=X<4,female div/dep/mar,28,skilled,good
<0,existing paid,radio/tv,1282,100<=X<500,1<=X<4,female div/dep/mar,32,unskilled resident,bad
no checking,critical/other existing credit,radio/tv,2424,no known savings,>=7,male single,53,skilled,good
<0,no credits/all paid,business,8072,no known savings,<1,male single,25,skilled,good
0<=X<200,existing paid,used car,12579,<100,>=7,female div/dep/mar,44,high qualif/self emp/mgmt,bad
no checking,existing paid,radio/tv,3430,500<=X<1000,>=7,male single,31,skilled,good
no checking,critical/other existing credit,new car,2134,<100,1<=X<4,male single,48,skilled,good
<0,existing paid,radio/tv,2647,500<=X<1000,1<=X<4,male single,44,skilled,good
<0,critical/other existing credit,new car,2241,<100,<1,male single,48,unskilled resident,good
0<=X<200,critical/other existing credit,used car,1804,100<=X<500,<1,male single,44,skilled,good
no checking,critical/other existing credit,furniture/equipment,2069,no known savings,1<=X<4,male mar/wid,26,skilled,good
<0,existing paid,furniture/equipment,1374,<100,1<=X<4,male single,6,unskilled resident,good
no checking,no credits/all paid,radio/tv,426,<100,>=7,male mar/wid,39,unskilled resident,good
>=200,all paid,radio/tv,409,>=1000,1<=X<4,female div/dep/mar,42,skilled,good
0<=X<200,existing paid,radio/tv,2415,<100,1<=X<4,male single,34,skilled,good
<0,delayed previously,business,6836,<100,>=7,male single,63,skilled,bad
0<=X<200,existing paid,business,1913,>=1000,<1,male mar/wid,36,skilled,good
<0,existing paid,furniture/equipment,4020,<100,1<=X<4,male single,27,skilled,good
0<=X<200,existing paid,new car,5866,100<=X<500,1<=X<4,male single,30,skilled,good
no checking,critical/other existing credit,business,1264,no known savings,>=7,male single,57,unskilled resident,good
>=200,existing paid,furniture/equipment,1474,<100,<1,female div/dep/mar,33,high qualif/self emp/mgmt,good
0<=X<200,critical/other existing credit,radio/tv,4746,<100,<1,male single,25,unskilled resident,bad
no checking,critical/other existing credit,education,6110,<100,1<=X<4,male single,31,skilled,good
>=200,existing paid,radio/tv,2100,<100,1<=X<4,male single,37,skilled,bad
>=200,existing paid,domestic appliance,1225,<100,1<=X<4,male single,37,skilled,good
0<=X<200,existing paid,radio/tv,458,<100,1<=X<4,male single,24,skilled,good
no checking,existing paid,radio/tv,2333,500<=X<1000,>=7,male single,30,high qualif/self emp/mgmt,good
0<=X<200,existing paid,radio/tv,1158,500<=X<1000,1<=X<4,male div/sep,26,skilled,good
0<=X<200,delayed previously,repairs,6204,<100,1<=X<4,male single,44,unskilled resident,good
<0,critical/other existing credit,used car,6187,100<=X<500,4<=X<7,male mar/wid,24,skilled,good
<0,critical/other existing credit,used car,6143,<100,>=7,female div/dep/mar,58,unskilled resident,bad
no checking,critical/other existing credit,new car,1393,<100,<1,female div/dep/mar,35,high qualif/self emp/mgmt,good
no checking,existing paid,radio/tv,2299,500<=X<1000,>=7,male single,39,skilled,good
<0,existing paid,used car,1352,500<=X<1000,unemployed,female div/dep/mar,23,unemp/unskilled non res,good
no checking,critical/other existing credit,new car,7228,<100,1<=X<4,male single,39,unskilled resident,good
no checking,existing paid,radio/tv,2073,100<=X<500,1<=X<4,female div/dep/mar,28,skilled,good
0<=X<200,delayed previously,furniture/equipment,2333,no known savings,<1,male single,29,unskilled resident,good
0<=X<200,delayed previously,used car,5965,<100,>=7,male single,30,high qualif/self emp/mgmt,good
no checking,existing paid,radio/tv,1262,<100,1<=X<4,male single,25,skilled,good
no checking,existing paid,used car,3378,no known savings,1<=X<4,male single,1,skilled,good
0<=X<200,delayed previously,new car,2225,<100,>=7,male single,57,skilled,bad
no checking,all paid,new car,783,no known savings,1<=X<4,male single,26,unskilled resident,good
0<=X<200,existing paid,radio/tv,6468,no known savings,unemployed,male single,52,high qualif/self emp/mgmt,bad
no checking,critical/other existing credit,radio/tv,9566,<100,1<=X<4,female div/dep/mar,31,skilled,good
>=200,existing paid,new car,1961,<100,>=7,female div/dep/mar,23,high qualif/self emp/mgmt,good
<0,critical/other existing credit,furniture/equipment,6229,<100,<1,female div/dep/mar,23,unskilled resident,bad
0<=X<200,existing paid,business,1391,<100,1<=X<4,male mar/wid,27,skilled,good
0<=X<200,critical/other existing credit,radio/tv,1537,no known savings,>=7,male single,50,skilled,good
0<=X<200,no credits/all paid,business,1953,<100,>=7,male single,61,high qualif/self emp/mgmt,bad
0<=X<200,no credits/all paid,business,14421,<100,1<=X<4,male single,25,skilled,bad
no checking,existing paid,radio/tv,3181,<100,<1,female div/dep/mar,26,skilled,good
no checking,existing paid,repairs,5190,no known savings,>=7,male single,48,skilled,good
no checking,existing paid,radio/tv,2171,<100,<1,female div/dep/mar,29,skilled,good
0<=X<200,existing paid,new car,1007,>=1000,1<=X<4,male mar/wid,222,skilled,good
no checking,existing paid,education,1819,<100,1<=X<4,male single,37,skilled,bad
no checking,existing paid,radio/tv,2394,no known savings,1<=X<4,female div/dep/mar,25,skilled,good
no checking,existing paid,used car,8133,<100,1<=X<4,female div/dep/mar,30,skilled,good
no checking,critical/other existing credit,radio/tv,730,no known savings,>=7,male single,46,unskilled resident,good
<0,critical/other existing credit,other,1164,<100,>=7,male single,51,high qualif/self emp/mgmt,good
0<=X<200,critical/other existing credit,business,5954,<100,4<=X<7,female div/dep/mar,41,unskilled resident,good
<0,existing paid,education,1977,no known savings,>=7,male single,40,high qualif/self emp/mgmt,bad
<0,critical/other existing credit,used car,1526,<100,>=7,male single,66,high qualif/self emp/mgmt,good
<0,existing paid,radio/tv,3965,<100,<1,male single,34,skilled,bad
0<=X<200,delayed previously,radio/tv,4771,<100,4<=X<7,male single,51,skilled,good
no checking,no credits/all paid,used car,9436,no known savings,1<=X<4,male single,39,unskilled resident,good
0<=X<200,existing paid,furniture/equipment,3832,<100,<1,male mar/wid,222,skilled,good
no checking,existing paid,radio/tv,5943,no known savings,<1,female div/dep/mar,44,skilled,bad
no checking,existing paid,radio/tv,1213,500<=X<1000,>=7,male single,47,skilled,good
no checking,existing paid,business,1568,100<=X<500,1<=X<4,female div/dep/mar,24,unskilled resident,good
<0,existing paid,other,1755,<100,>=7,female div/dep/mar,58,unskilled resident,good
<0,existing paid,radio/tv,2315,<100,>=7,male single,52,unskilled resident,good
no checking,critical/other existing credit,business,1412,<100,1<=X<4,female div/dep/mar,29,high qualif/self emp/mgmt,good
0<=X<200,critical/other existing credit,furniture/equipment,1295,<100,<1,female div/dep/mar,27,skilled,good
0<=X<200,existing paid,education,12612,100<=X<500,1<=X<4,male single,47,skilled,bad
<0,existing paid,new car,2249,100<=X<500,4<=X<7,male single,30,high qualif/self emp/mgmt,good
<0,no credits/all paid,repairs,1108,<100,4<=X<7,male single,28,skilled,bad
no checking,critical/other existing credit,radio/tv,618,<100,>=7,male single,56,skilled,good
<0,critical/other existing credit,used car,1409,<100,>=7,male single,54,skilled,good
no checking,critical/other existing credit,radio/tv,797,no known savings,>=7,female div/dep/mar,33,unskilled resident,bad
>=200,critical/other existing credit,furniture/equipment,3617,no known savings,>=7,male single,20,skilled,good
0<=X<200,existing paid,new car,1318,>=1000,>=7,male single,54,skilled,good
0<=X<200,no credits/all paid,business,15945,<100,<1,male single,58,skilled,bad
no checking,critical/other existing credit,education,2012,no known savings,4<=X<7,female div/dep/mar,61,skilled,good
0<=X<200,existing paid,business,2622,100<=X<500,1<=X<4,male single,34,skilled,good
0<=X<200,critical/other existing credit,radio/tv,2337,<100,>=7,male single,36,skilled,good
0<=X<200,delayed previously,used car,7057,no known savings,4<=X<7,male single,36,high qualif/self emp/mgmt,good
no checking,existing paid,new car,1469,100<=X<500,>=7,male mar/wid,41,unskilled resident,good
0<=X<200,existing paid,radio/tv,2323,<100,4<=X<7,male single,24,skilled,good
no checking,delayed previously,radio/tv,932,<100,1<=X<4,female div/dep/mar,24,skilled,good
0<=X<200,critical/other existing credit,furniture/equipment,1919,<100,4<=X<7,male single,35,skilled,good
no checking,existing paid,used car,2445,no known savings,<1,male mar/wid,26,skilled,good
0<=X<200,critical/other existing credit,other,11938,<100,1<=X<4,male single,39,high qualif/self emp/mgmt,bad
no checking,all paid,new car,6458,<100,>=7,male single,39,high qualif/self emp/mgmt,bad
0<=X<200,existing paid,new car,6078,<100,4<=X<7,male single,32,skilled,good
<0,existing paid,furniture/equipment,7721,no known savings,<1,female div/dep/mar,30,skilled,good
0<=X<200,existing paid,business,1410,500<=X<1000,>=7,male mar/wid,35,skilled,good
0<=X<200,delayed previously,business,1449,100<=X<500,>=7,male div/sep,31,skilled,good
>=200,existing paid,education,392,<100,<1,female div/dep/mar,23,skilled,good
0<=X<200,existing paid,new car,6260,<100,4<=X<7,male single,28,unskilled resident,good
no checking,critical/other existing credit,new car,7855,<100,1<=X<4,female div/dep/mar,25,skilled,bad
<0,existing paid,radio/tv,1680,500<=X<1000,>=7,male mar/wid,35,skilled,good
no checking,critical/other existing credit,radio/tv,3578,no known savings,>=7,male single,47,skilled,good
<0,existing paid,radio/tv,7174,no known savings,4<=X<7,female div/dep/mar,30,high qualif/self emp/mgmt,bad
<0,critical/other existing credit,furniture/equipment,2132,no known savings,<1,female div/dep/mar,27,skilled,good
<0,critical/other existing credit,furniture/equipment,4281,500<=X<1000,1<=X<4,female div/dep/mar,23,skilled,bad
0<=X<200,critical/other existing credit,new car,2366,500<=X<1000,4<=X<7,male div/sep,36,high qualif/self emp/mgmt,good
<0,existing paid,radio/tv,1835,<100,1<=X<4,female div/dep/mar,25,skilled,bad
no checking,critical/other existing credit,used car,3868,<100,>=7,female div/dep/mar,41,high qualif/self emp/mgmt,good
no checking,existing paid,furniture/equipment,1768,<100,1<=X<4,male single,24,unskilled resident,good
>=200,critical/other existing credit,new car,781,<100,>=7,male single,63,skilled,good
0<=X<200,existing paid,furniture/equipment,1924,no known savings,<1,female div/dep/mar,27,skilled,bad
<0,critical/other existing credit,new car,2121,<100,1<=X<4,male single,30,skilled,good
<0,existing paid,radio/tv,701,<100,1<=X<4,male mar/wid,40,unskilled resident,good
0<=X<200,existing paid,repairs,639,<100,1<=X<4,male single,30,skilled,bad
0<=X<200,critical/other existing credit,used car,1860,<100,unemployed,male single,34,high qualif/self emp/mgmt,good
<0,critical/other existing credit,new car,3499,<100,1<=X<4,female div/dep/mar,29,skilled,bad
0<=X<200,existing paid,new car,8487,no known savings,4<=X<7,female div/dep/mar,24,skilled,good
<0,delayed previously,education,6887,<100,1<=X<4,male single,29,skilled,bad
no checking,existing paid,furniture/equipment,2708,<100,<1,male single,27,unskilled resident,good
no checking,existing paid,furniture/equipment,1984,<100,1<=X<4,male single,47,skilled,good
no checking,existing paid,radio/tv,10144,100<=X<500,4<=X<7,female div/dep/mar,21,skilled,good
no checking,critical/other existing credit,radio/tv,1240,no known savings,>=7,female div/dep/mar,38,skilled,good
no checking,delayed previously,used car,8613,>=1000,1<=X<4,male single,27,skilled,good
0<=X<200,existing paid,radio/tv,766,500<=X<1000,1<=X<4,male single,66,unskilled resident,bad
0<=X<200,critical/other existing credit,radio/tv,2728,no known savings,4<=X<7,male single,35,skilled,good
>=200,existing paid,radio/tv,1881,<100,1<=X<4,female div/dep/mar,44,unskilled resident,good
>=200,existing paid,new car,709,>=1000,<1,male mar/wid,27,unemp/unskilled non res,good
0<=X<200,existing paid,radio/tv,4795,<100,<1,female div/dep/mar,30,high qualif/self emp/mgmt,good
<0,existing paid,radio/tv,3416,<100,1<=X<4,male single,27,high qualif/self emp/mgmt,good
<0,existing paid,furniture/equipment,2462,<100,1<=X<4,male single,22,skilled,bad
no checking,critical/other existing credit,furniture/equipment,2288,<100,<1,female div/dep/mar,23,skilled,good
0<=X<200,all paid,business,3566,100<=X<500,4<=X<7,male single,30,skilled,good
<0,critical/other existing credit,new car,860,<100,>=7,female div/dep/mar,39,skilled,good
no checking,critical/other existing credit,new car,682,100<=X<500,4<=X<7,female div/dep/mar,51,skilled,good
<0,critical/other existing credit,furniture/equipment,5371,<100,1<=X<4,male single,28,skilled,good
no checking,critical/other existing credit,radio/tv,1582,>=1000,>=7,male single,46,skilled,good
no checking,existing paid,radio/tv,1346,100<=X<500,>=7,male single,42,skilled,good
no checking,existing paid,radio/tv,1924,<100,1<=X<4,male single,38,skilled,good
>=200,existing paid,radio/tv,5848,<100,1<=X<4,male single,24,skilled,good
0<=X<200,critical/other existing credit,used car,7758,>=1000,>=7,female div/dep/mar,29,skilled,good
0<=X<200,delayed previously,business,6967,100<=X<500,4<=X<7,male single,36,high qualif/self emp/mgmt,good
<0,existing paid,furniture/equipment,1282,<100,1<=X<4,female div/dep/mar,20,skilled,bad
<0,critical/other existing credit,repairs,1288,100<=X<500,>=7,male single,48,skilled,good
<0,all paid,retraining,339,<100,>=7,male mar/wid,45,unskilled resident,good
0<=X<200,existing paid,new car,3512,100<=X<500,4<=X<7,male single,38,skilled,good
no checking,critical/other existing credit,radio/tv,1898,no known savings,1<=X<4,male single,34,unskilled resident,good
no checking,critical/other existing credit,radio/tv,2872,100<=X<500,>=7,male single,36,skilled,good
no checking,critical/other existing credit,new car,1055,<100,<1,female div/dep/mar,30,skilled,good
no checking,existing paid,domestic appliance,1262,500<=X<1000,4<=X<7,male single,36,skilled,good
0<=X<200,existing paid,new car,7308,<100,unemployed,male single,70,high qualif/self emp/mgmt,good
no checking,existing paid,new car,909,500<=X<1000,>=7,male single,36,skilled,good
no checking,existing paid,furniture/equipment,2978,500<=X<1000,1<=X<4,male single,32,skilled,good
<0,existing paid,furniture/equipment,1131,<100,unemployed,female div/dep/mar,33,skilled,bad
0<=X<200,existing paid,furniture/equipment,1577,>=1000,<1,female div/dep/mar,20,skilled,good
no checking,existing paid,furniture/equipment,3972,<100,4<=X<7,female div/dep/mar,25,skilled,good
0<=X<200,critical/other existing credit,business,1935,<100,>=7,male div/sep,31,skilled,bad
<0,no credits/all paid,new car,950,<100,>=7,male single,33,skilled,bad
no checking,existing paid,furniture/equipment,763,<100,1<=X<4,female div/dep/mar,26,skilled,good
0<=X<200,delayed previously,furniture/equipment,2064,<100,unemployed,female div/dep/mar,34,high qualif/self emp/mgmt,bad
0<=X<200,existing paid,radio/tv,1414,<100,1<=X<4,male single,333,skilled,good
<0,delayed previously,education,3414,<100,<1,male single,26,skilled,bad
no checking,all paid,used car,7485,no known savings,unemployed,female div/dep/mar,53,high qualif/self emp/mgmt,bad
<0,existing paid,furniture/equipment,2577,<100,1<=X<4,male div/sep,42,skilled,good
<0,critical/other existing credit,radio/tv,338,500<=X<1000,>=7,male single,52,skilled,good
no checking,existing paid,radio/tv,1963,<100,4<=X<7,male single,31,high qualif/self emp/mgmt,good
<0,critical/other existing credit,new car,571,<100,>=7,male single,65,skilled,good
no checking,delayed previously,business,9572,<100,<1,male div/sep,28,skilled,bad
0<=X<200,delayed previously,business,4455,<100,1<=X<4,male div/sep,30,high qualif/self emp/mgmt,bad
<0,all paid,new car,1647,no known savings,1<=X<4,male single,40,unskilled resident,bad
no checking,critical/other existing credit,furniture/equipment,3777,>=1000,1<=X<4,male single,50,skilled,good
0<=X<200,critical/other existing credit,new car,884,<100,>=7,male single,36,skilled,bad
no checking,critical/other existing credit,radio/tv,1360,<100,1<=X<4,male single,31,skilled,good
0<=X<200,all paid,used car,5129,<100,>=7,female div/dep/mar,74,high qualif/self emp/mgmt,bad
0<=X<200,critical/other existing credit,new car,1175,<100,unemployed,male single,68,unemp/unskilled non res,good
<0,existing paid,radio/tv,674,100<=X<500,4<=X<7,male mar/wid,20,skilled,bad
0<=X<200,no credits/all paid,furniture/equipment,3244,<100,1<=X<4,female div/dep/mar,33,skilled,good
no checking,existing paid,business,4591,>=1000,1<=X<4,male single,54,high qualif/self emp/mgmt,bad
0<=X<200,no credits/all paid,business,3844,100<=X<500,4<=X<7,male single,-34,unskilled resident,bad
0<=X<200,existing paid,business,3915,<100,1<=X<4,male single,36,skilled,bad
no checking,existing paid,radio/tv,2108,<100,4<=X<7,male mar/wid,29,skilled,good
0<=X<200,existing paid,radio/tv,3031,100<=X<500,1<=X<4,male single,21,skilled,bad
0<=X<200,critical/other existing credit,education,1501,<100,>=7,female div/dep/mar,34,high qualif/self emp/mgmt,bad
no checking,critical/other existing credit,radio/tv,1382,<100,1<=X<4,female div/dep/mar,28,skilled,good
0<=X<200,existing paid,furniture/equipment,951,100<=X<500,<1,female div/dep/mar,27,skilled,bad
0<=X<200,existing paid,used car,2760,no known savings,>=7,male single,36,skilled,good
0<=X<200,delayed previously,furniture/equipment,4297,<100,>=7,male div/sep,40,high qualif/self emp/mgmt,bad
no checking,critical/other existing credit,education,936,500<=X<1000,>=7,male single,52,skilled,good
<0,existing paid,new car,1168,<100,1<=X<4,male mar/wid,27,unskilled resident,good
no checking,delayed previously,business,5117,<100,4<=X<7,male single,26,skilled,good
<0,existing paid,retraining,902,<100,4<=X<7,male mar/wid,21,skilled,bad
no checking,critical/other existing credit,new car,1495,<100,>=7,male single,38,unskilled resident,good
<0,critical/other existing credit,used car,10623,<100,>=7,male single,38,high qualif/self emp/mgmt,good
no checking,critical/other existing credit,furniture/equipment,1935,<100,>=7,male single,43,skilled,good
0<=X<200,critical/other existing credit,domestic appliance,1424,<100,4<=X<7,male single,26,skilled,good
<0,existing paid,business,6568,<100,1<=X<4,male mar/wid,21,unskilled resident,good
no checking,existing paid,used car,1413,>=1000,4<=X<7,male single,55,skilled,good
no checking,critical/other existing credit,radio/tv,3074,no known savings,1<=X<4,male single,33,skilled,good
no checking,existing paid,radio/tv,3835,no known savings,>=7,female div/dep/mar,45,unskilled resident,good
<0,no credits/all paid,business,5293,<100,unemployed,male single,50,skilled,bad
>=200,delayed previously,business,1908,<100,>=7,male single,66,high qualif/self emp/mgmt,bad
no checking,critical/other existing credit,radio/tv,3342,no known savings,>=7,male single,51,skilled,good
0<=X<200,critical/other existing credit,retraining,932,no known savings,4<=X<7,female div/dep/mar,39,unskilled resident,good
<0,no credits/all paid,business,3104,<100,4<=X<7,male single,31,skilled,good
>=200,existing paid,radio/tv,3913,<100,1<=X<4,male single,23,skilled,good
<0,existing paid,furniture/equipment,3021,<100,1<=X<4,male div/sep,24,unskilled resident,good
no checking,existing paid,new car,1364,<100,1<=X<4,female div/dep/mar,64,skilled,good
0<=X<200,existing paid,radio/tv,625,<100,<1,male mar/wid,26,unskilled resident,good
<0,existing paid,education,1200,no known savings,1<=X<4,female div/dep/mar,23,skilled,good
no checking,existing paid,radio/tv,707,<100,1<=X<4,male single,30,skilled,good
no checking,delayed previously,business,2978,no known savings,1<=X<4,male single,32,skilled,good
no checking,existing paid,used car,4657,<100,1<=X<4,male single,30,skilled,good
no checking,no credits/all paid,repairs,2613,<100,1<=X<4,male single,27,skilled,good
0<=X<200,existing paid,radio/tv,10961,>=1000,4<=X<7,male single,27,skilled,bad
<0,existing paid,furniture/equipment,7865,<100,>=7,male single,53,high qualif/self emp/mgmt,bad
no checking,existing paid,radio/tv,1478,<100,4<=X<7,male single,22,skilled,bad
<0,existing paid,furniture/equipment,3149,<100,<1,male single,22,skilled,good
>=200,existing paid,radio/tv,4210,<100,1<=X<4,male single,26,skilled,bad
no checking,existing paid,new car,2507,500<=X<1000,>=7,male single,51,unskilled resident,good
no checking,existing paid,radio/tv,2141,100<=X<500,4<=X<7,male single,-35,skilled,good
0<=X<200,existing paid,radio/tv,866,<100,1<=X<4,male mar/wid,25,unskilled resident,good
no checking,critical/other existing credit,radio/tv,1544,<100,4<=X<7,male single,42,unskilled resident,good
<0,existing paid,radio/tv,1823,<100,unemployed,male single,30,high qualif/self emp/mgmt,bad
0<=X<200,existing paid,new car,14555,no known savings,unemployed,male single,23,unemp/unskilled non res,bad
0<=X<200,existing paid,business,2767,100<=X<500,>=7,male div/sep,61,unskilled resident,bad
no checking,critical/other existing credit,radio/tv,1291,<100,1<=X<4,female div/dep/mar,35,skilled,good
<0,existing paid,radio/tv,2522,<100,>=7,male single,39,skilled,good
<0,existing paid,new car,915,no known savings,>=7,female div/dep/mar,29,skilled,bad
no checking,existing paid,radio/tv,1595,<100,4<=X<7,male single,51,skilled,good
<0,no credits/all paid,used car,4605,<100,>=7,male single,24,skilled,bad
no checking,critical/other existing credit,business,1185,<100,1<=X<4,female div/dep/mar,27,skilled,good
no checking,all paid,retraining,3447,500<=X<1000,1<=X<4,female div/dep/mar,35,unskilled resident,good
no checking,existing paid,business,1258,<100,4<=X<7,male single,25,skilled,good
no checking,critical/other existing credit,radio/tv,717,<100,>=7,male single,52,skilled,good
no checking,no credits/all paid,new car,1204,100<=X<500,1<=X<4,male single,35,skilled,good
>=200,existing paid,furniture/equipment,1925,<100,1<=X<4,male single,26,skilled,good
no checking,existing paid,radio/tv,433,<100,unemployed,female div/dep/mar,22,skilled,bad
<0,critical/other existing credit,new car,666,>=1000,4<=X<7,female div/dep/mar,39,unskilled resident,good
>=200,existing paid,furniture/equipment,2251,<100,1<=X<4,female div/dep/mar,46,unskilled resident,good
0<=X<200,existing paid,new car,2150,<100,1<=X<4,female div/dep/mar,24,skilled,bad
no checking,delayed previously,furniture/equipment,4151,100<=X<500,1<=X<4,male single,35,skilled,good
0<=X<200,existing paid,furniture/equipment,2030,no known savings,4<=X<7,male single,24,skilled,good
0<=X<200,delayed previously,radio/tv,7418,no known savings,1<=X<4,male single,27,unskilled resident,good
no checking,critical/other existing credit,radio/tv,2684,<100,1<=X<4,male single,35,unskilled resident,good
<0,all paid,radio/tv,2149,<100,1<=X<4,male div/sep,29,skilled,bad
no checking,existing paid,used car,3812,100<=X<500,<1,female div/dep/mar,23,skilled,good
no checking,critical/other existing credit,radio/tv,1154,100<=X<500,unemployed,female div/dep/mar,57,unskilled resident,good
<0,existing paid,furniture/equipment,1657,<100,1<=X<4,male single,27,skilled,good
<0,existing paid,radio/tv,1603,<100,>=7,female div/dep/mar,55,skilled,good
<0,critical/other existing credit,new car,5302,<100,>=7,male single,36,high qualif/self emp/mgmt,good
no checking,critical/other existing credit,education,2748,<100,>=7,female div/dep/mar,57,unskilled resident,good
no checking,critical/other existing credit,new car,1231,<100,>=7,male single,32,unskilled resident,good
0<=X<200,existing paid,radio/tv,802,<100,>=7,male single,37,skilled,bad
no checking,critical/other existing credit,business,6304,no known savings,>=7,male single,36,skilled,good
no checking,existing paid,radio/tv,1533,<100,<1,female div/dep/mar,38,skilled,good
<0,existing paid,new car,8978,<100,>=7,male div/sep,45,high qualif/self emp/mgmt,bad
no checking,existing paid,radio/tv,999,no known savings,>=7,male single,25,skilled,good
no checking,existing paid,new car,2662,no known savings,4<=X<7,male single,32,skilled,good
no checking,critical/other existing credit,furniture/equipment,1402,500<=X<1000,4<=X<7,female div/dep/mar,37,skilled,good
0<=X<200,all paid,new car,12169,no known savings,unemployed,male single,36,high qualif/self emp/mgmt,good
0<=X<200,existing paid,radio/tv,3060,<100,4<=X<7,male single,28,skilled,bad
<0,existing paid,repairs,11998,<100,<1,male div/sep,34,unskilled resident,bad
no checking,existing paid,radio/tv,2697,<100,1<=X<4,male single,32,skilled,good
no checking,critical/other existing credit,radio/tv,2404,<100,1<=X<4,female div/dep/mar,26,skilled,good
<0,existing paid,furniture/equipment,1262,no known savings,>=7,male div/sep,49,unskilled resident,good
no checking,existing paid,furniture/equipment,4611,<100,<1,female div/dep/mar,32,skilled,bad
no checking,existing paid,radio/tv,1901,100<=X<500,1<=X<4,male single,-29,high qualif/self emp/mgmt,good
no checking,critical/other existing credit,used car,3368,>=1000,>=7,male single,23,skilled,good
no checking,existing paid,furniture/equipment,1574,<100,1<=X<4,male single,50,skilled,good
>=200,all paid,radio/tv,1445,no known savings,4<=X<7,male single,49,unskilled resident,good
no checking,critical/other existing credit,furniture/equipment,1520,no known savings,>=7,male single,63,skilled,good
0<=X<200,critical/other existing credit,new car,3878,100<=X<500,<1,male div/sep,37,skilled,good
<0,existing paid,new car,10722,<100,<1,female div/dep/mar,35,unskilled resident,good
<0,existing paid,used car,4788,<100,4<=X<7,male single,26,skilled,good
0<=X<200,delayed previously,other,7582,100<=X<500,unemployed,male single,31,high qualif/self emp/mgmt,good
0<=X<200,existing paid,radio/tv,1092,<100,1<=X<4,female div/dep/mar,49,skilled,good
<0,delayed previously,radio/tv,1024,<100,<1,male mar/wid,48,skilled,bad
no checking,existing paid,business,1076,<100,1<=X<4,male mar/wid,26,skilled,good
0<=X<200,existing paid,used car,9398,<100,<1,male mar/wid,28,high qualif/self emp/mgmt,bad
<0,critical/other existing credit,used car,6419,<100,>=7,female div/dep/mar,44,high qualif/self emp/mgmt,good
>=200,critical/other existing credit,used car,4796,<100,>=7,male single,56,skilled,good
no checking,critical/other existing credit,business,7629,no known savings,>=7,male div/sep,46,high qualif/self emp/mgmt,good
0<=X<200,existing paid,furniture/equipment,9960,<100,<1,female div/dep/mar,26,skilled,bad
no checking,existing paid,used car,4675,no known savings,<1,female div/dep/mar,20,skilled,good
no checking,existing paid,new car,1287,no known savings,>=7,male single,45,unskilled resident,good
no checking,existing paid,furniture/equipment,2515,<100,1<=X<4,male single,43,skilled,good
0<=X<200,critical/other existing credit,furniture/equipment,2745,>=1000,4<=X<7,male single,32,skilled,good
no checking,existing paid,new car,672,<100,unemployed,female div/dep/mar,54,unemp/unskilled non res,good
0<=X<200,no credits/all paid,radio/tv,3804,<100,1<=X<4,female div/dep/mar,42,skilled,bad
>=200,critical/other existing credit,new car,1344,no known savings,4<=X<7,male single,37,unskilled resident,bad
<0,critical/other existing credit,new car,1038,<100,4<=X<7,male single,49,skilled,good
no checking,critical/other existing credit,new car,10127,500<=X<1000,1<=X<4,male single,0.44,skilled,bad
no checking,existing paid,furniture/equipment,1543,>=1000,1<=X<4,male div/sep,33,skilled,good
no checking,existing paid,used car,4811,no known savings,4<=X<7,female div/dep/mar,24,unskilled resident,good
<0,existing paid,radio/tv,727,100<=X<500,<1,male mar/wid,33,unskilled resident,bad
0<=X<200,existing paid,furniture/equipment,1237,<100,1<=X<4,female div/dep/mar,24,skilled,bad
0<=X<200,existing paid,new car,276,<100,1<=X<4,male mar/wid,22,unskilled resident,good
0<=X<200,existing paid,other,5381,no known savings,unemployed,male single,40,unemp/unskilled non res,good
no checking,existing paid,furniture/equipment,5511,100<=X<500,1<=X<4,male single,25,skilled,good
>=200,existing paid,furniture/equipment,3749,<100,<1,female div/dep/mar,26,skilled,good
0<=X<200,existing paid,new car,685,<100,4<=X<7,male mar/wid,25,unskilled resident,bad
>=200,existing paid,new car,1494,no known savings,<1,male single,29,unskilled resident,good
<0,all paid,furniture/equipment,2746,<100,>=7,male single,31,skilled,bad
<0,existing paid,furniture/equipment,708,<100,1<=X<4,male single,38,unskilled resident,good
0<=X<200,existing paid,furniture/equipment,4351,no known savings,1<=X<4,female div/dep/mar,48,unskilled resident,good
no checking,critical/other existing credit,education,701,<100,1<=X<4,male single,32,skilled,good
<0,delayed previously,furniture/equipment,3643,<100,>=7,female div/dep/mar,27,unskilled resident,good
0<=X<200,critical/other existing credit,new car,4249,<100,unemployed,male mar/wid,28,high qualif/self emp/mgmt,bad
<0,existing paid,radio/tv,1938,<100,<1,male div/sep,32,skilled,bad
<0,existing paid,used car,2910,<100,4<=X<7,male single,34,high qualif/self emp/mgmt,good
<0,existing paid,furniture/equipment,2659,>=1000,1<=X<4,male single,28,skilled,good
no checking,critical/other existing credit,new car,1028,<100,1<=X<4,female div/dep/mar,36,skilled,good
<0,critical/other existing credit,new car,3398,<100,4<=X<7,male single,39,unskilled resident,good
no checking,critical/other existing credit,furniture/equipment,5801,no known savings,>=7,male single,49,skilled,good
no checking,existing paid,new car,1525,>=1000,4<=X<7,female div/dep/mar,34,skilled,good
>=200,existing paid,radio/tv,4473,<100,>=7,male single,31,skilled,good
0<=X<200,existing paid,radio/tv,1068,<100,>=7,male single,28,skilled,good
<0,critical/other existing credit,used car,6615,<100,unemployed,male single,75,high qualif/self emp/mgmt,good
no checking,critical/other existing credit,education,1864,100<=X<500,1<=X<4,female div/dep/mar,30,skilled,bad
0<=X<200,existing paid,new car,7408,100<=X<500,<1,female div/dep/mar,0.24,high qualif/self emp/mgmt,bad
no checking,critical/other existing credit,used car,11590,100<=X<500,1<=X<4,female div/dep/mar,24,unskilled resident,bad
<0,no credits/all paid,furniture/equipment,4110,<100,>=7,male single,23,skilled,bad
<0,critical/other existing credit,furniture/equipment,3384,<100,1<=X<4,male div/sep,44,high qualif/self emp/mgmt,bad
0<=X<200,existing paid,radio/tv,2101,<100,<1,female div/dep/mar,23,unskilled resident,good
<0,existing paid,domestic appliance,1275,no known savings,1<=X<4,female div/dep/mar,24,skilled,bad
<0,existing paid,furniture/equipment,4169,<100,1<=X<4,male single,28,skilled,good
0<=X<200,existing paid,furniture/equipment,1521,<100,1<=X<4,male div/sep,31,unskilled resident,good
0<=X<200,critical/other existing credit,education,5743,<100,<1,female div/dep/mar,24,skilled,good
<0,existing paid,furniture/equipment,3599,<100,4<=X<7,female div/dep/mar,26,unskilled resident,good
0<=X<200,existing paid,radio/tv,3213,500<=X<1000,<1,male mar/wid,25,skilled,good
0<=X<200,existing paid,business,4439,<100,>=7,male single,33,high qualif/self emp/mgmt,good
>=200,existing paid,new car,3949,<100,<1,male single,37,unskilled resident,good
no checking,critical/other existing credit,radio/tv,1459,<100,1<=X<4,female div/dep/mar,43,unskilled resident,good
0<=X<200,critical/other existing credit,radio/tv,882,<100,<1,male single,23,skilled,good
0<=X<200,existing paid,radio/tv,3758,500<=X<1000,unemployed,female div/dep/mar,23,unemp/unskilled non res,good
no checking,delayed previously,business,1743,100<=X<500,1<=X<4,male single,34,unskilled resident,good
0<=X<200,critical/other existing credit,education,1136,>=1000,>=7,male single,32,skilled,bad
no checking,existing paid,domestic appliance,1236,<100,<1,female div/dep/mar,23,skilled,good
0<=X<200,existing paid,furniture/equipment,959,<100,1<=X<4,female div/dep/mar,29,skilled,bad
no checking,critical/other existing credit,used car,3229,no known savings,unemployed,male single,38,high qualif/self emp/mgmt,good
<0,no credits/all paid,radio/tv,6199,<100,1<=X<4,male single,28,skilled,bad
no checking,existing paid,education,727,500<=X<1000,>=7,male single,46,skilled,good
0<=X<200,existing paid,new car,1246,<100,<1,male single,23,unskilled resident,bad
no checking,critical/other existing credit,radio/tv,2331,no known savings,>=7,male single,49,skilled,good
no checking,delayed previously,radio/tv,4463,<100,1<=X<4,male single,26,high qualif/self emp/mgmt,bad
no checking,existing paid,radio/tv,776,<100,1<=X<4,male mar/wid,28,skilled,good
<0,existing paid,furniture/equipment,2406,<100,4<=X<7,female div/dep/mar,23,skilled,bad
0<=X<200,existing paid,education,1239,no known savings,1<=X<4,male single,61,skilled,good
>=200,existing paid,radio/tv,3399,no known savings,>=7,male single,37,high qualif/self emp/mgmt,good
>=200,delayed previously,new car,2247,<100,1<=X<4,female div/dep/mar,36,skilled,good
no checking,existing paid,furniture/equipment,1766,<100,1<=X<4,male mar/wid,21,skilled,good
<0,existing paid,furniture/equipment,2473,<100,unemployed,male single,25,unemp/unskilled non res,bad
no checking,existing paid,business,1542,<100,4<=X<7,male single,36,skilled,good
no checking,critical/other existing credit,used car,3850,<100,4<=X<7,male single,27,skilled,good
<0,existing paid,furniture/equipment,3650,<100,<1,female div/dep/mar,22,skilled,good
<0,existing paid,furniture/equipment,3446,<100,>=7,male single,42,skilled,bad
0<=X<200,existing paid,furniture/equipment,3001,<100,4<=X<7,female div/dep/mar,40,skilled,good
no checking,existing paid,new car,3079,no known savings,1<=X<4,male single,36,skilled,good
no checking,critical/other existing credit,radio/tv,6070,<100,>=7,male single,33,skilled,good
no checking,critical/other existing credit,furniture/equipment,2146,<100,<1,female div/dep/mar,23,skilled,good
no checking,critical/other existing credit,new car,13756,no known savings,>=7,male single,63,high qualif/self emp/mgmt,good
0<=X<200,all paid,other,14782,100<=X<500,>=7,female div/dep/mar,60,high qualif/self emp/mgmt,bad
<0,all paid,business,7685,<100,4<=X<7,female div/dep/mar,37,skilled,bad
no checking,delayed previously,radio/tv,2320,<100,unemployed,male mar/wid,34,skilled,good
no checking,delayed previously,radio/tv,846,no known savings,>=7,male single,36,skilled,good
0<=X<200,existing paid,new car,14318,<100,>=7,male single,57,high qualif/self emp/mgmt,bad
no checking,critical/other existing credit,new car,362,100<=X<500,1<=X<4,female div/dep/mar,52,unskilled resident,good
<0,existing paid,furniture/equipment,2212,no known savings,4<=X<7,male single,39,skilled,good
0<=X<200,existing paid,used car,12976,<100,unemployed,female div/dep/mar,38,high qualif/self emp/mgmt,bad
no checking,existing paid,new car,1283,no known savings,4<=X<7,female div/dep/mar,25,skilled,good
>=200,existing paid,new car,1330,<100,<1,male single,26,skilled,good
no checking,delayed previously,business,4272,100<=X<500,1<=X<4,male single,26,unskilled resident,good
no checking,critical/other existing credit,radio/tv,2238,<100,1<=X<4,female div/dep/mar,25,skilled,good
no checking,existing paid,radio/tv,1126,no known savings,<1,female div/dep/mar,21,skilled,good
0<=X<200,critical/other existing credit,furniture/equipment,7374,<100,unemployed,male single,40,high qualif/self emp/mgmt,good
0<=X<200,critical/other existing credit,business,2326,500<=X<1000,1<=X<4,male single,27,skilled,good
no checking,existing paid,business,1449,<100,4<=X<7,female div/dep/mar,27,skilled,good
no checking,existing paid,new car,1820,<100,1<=X<4,male mar/wid,30,high qualif/self emp/mgmt,good
0<=X<200,existing paid,furniture/equipment,983,>=1000,<1,female div/dep/mar,19,unskilled resident,good
<0,existing paid,new car,3249,<100,4<=X<7,male single,39,high qualif/self emp/mgmt,good
<0,critical/other existing credit,radio/tv,1957,<100,4<=X<7,female div/dep/mar,31,skilled,good
no checking,critical/other existing credit,furniture/equipment,2406,<100,unemployed,male single,31,high qualif/self emp/mgmt,good
0<=X<200,delayed previously,education,11760,100<=X<500,4<=X<7,male single,32,skilled,good
<0,existing paid,furniture/equipment,2578,<100,unemployed,female div/dep/mar,55,high qualif/self emp/mgmt,good
<0,critical/other existing credit,furniture/equipment,2348,<100,1<=X<4,male mar/wid,46,skilled,good
0<=X<200,existing paid,new car,1223,<100,>=7,male div/sep,46,skilled,bad
no checking,critical/other existing credit,radio/tv,1516,>=1000,1<=X<4,female div/dep/mar,43,unskilled resident,good
no checking,existing paid,radio/tv,1473,<100,<1,male mar/wid,39,skilled,good
0<=X<200,critical/other existing credit,business,1887,no known savings,1<=X<4,male mar/wid,28,skilled,good
no checking,delayed previously,business,8648,<100,<1,male single,27,skilled,bad
no checking,delayed previously,new car,802,<100,1<=X<4,male single,27,unskilled resident,good
0<=X<200,delayed previously,new car,2899,no known savings,>=7,male single,43,skilled,good
0<=X<200,existing paid,radio/tv,2039,<100,<1,male mar/wid,22,skilled,bad
no checking,critical/other existing credit,used car,2197,no known savings,4<=X<7,male single,43,skilled,good
<0,existing paid,radio/tv,1053,<100,<1,male mar/wid,27,skilled,good
no checking,existing paid,radio/tv,3235,500<=X<1000,>=7,male div/sep,26,high qualif/self emp/mgmt,good
>=200,critical/other existing credit,new car,939,500<=X<1000,4<=X<7,male mar/wid,28,skilled,bad
0<=X<200,existing paid,radio/tv,1967,<100,>=7,female div/dep/mar,20,skilled,good
no checking,critical/other existing credit,used car,7253,<100,4<=X<7,male single,35,high qualif/self emp/mgmt,good
no checking,critical/other existing credit,business,2292,<100,unemployed,male single,42,high qualif/self emp/mgmt,bad
no checking,existing paid,new car,1597,500<=X<1000,1<=X<4,male single,40,unskilled resident,good
<0,existing paid,new car,1381,no known savings,1<=X<4,female div/dep/mar,35,skilled,bad
no checking,critical/other existing credit,used car,5842,<100,>=7,male single,35,skilled,good
<0,existing paid,new car,2579,<100,<1,male single,33,unskilled resident,bad
<0,delayed previously,education,8471,no known savings,1<=X<4,female div/dep/mar,23,skilled,good
no checking,existing paid,new car,2782,500<=X<1000,4<=X<7,female div/dep/mar,31,high qualif/self emp/mgmt,good
0<=X<200,existing paid,new car,1042,no known savings,1<=X<4,female div/dep/mar,33,skilled,bad
no checking,existing paid,new car,3186,>=1000,4<=X<7,female div/dep/mar,20,skilled,good
0<=X<200,existing paid,used car,2028,no known savings,1<=X<4,male single,30,skilled,good
0<=X<200,critical/other existing credit,new car,958,<100,4<=X<7,male single,47,unskilled resident,good
no checking,delayed previously,furniture/equipment,1591,100<=X<500,4<=X<7,male single,34,high qualif/self emp/mgmt,good
0<=X<200,existing paid,furniture/equipment,2762,no known savings,>=7,female div/dep/mar,25,skilled,bad
0<=X<200,existing paid,used car,2779,<100,1<=X<4,male mar/wid,21,skilled,good
no checking,critical/other existing credit,radio/tv,2743,<100,>=7,male single,29,skilled,good
no checking,critical/other existing credit,radio/tv,1149,>=1000,1<=X<4,male single,46,skilled,good
no checking,existing paid,furniture/equipment,1313,<100,>=7,male single,20,skilled,good
<0,critical/other existing credit,repairs,1190,<100,unemployed,female div/dep/mar,55,unemp/unskilled non res,bad
no checking,existing paid,business,3448,<100,4<=X<7,male single,74,unskilled resident,good
0<=X<200,existing paid,other,11132,<100,1<=X<4,male single,29,high qualif/self emp/mgmt,bad
<0,critical/other existing credit,furniture/equipment,1872,<100,unemployed,male single,36,high qualif/self emp/mgmt,good
no checking,critical/other existing credit,repairs,2058,<100,1<=X<4,male div/sep,33,skilled,good
<0,existing paid,furniture/equipment,2136,<100,1<=X<4,male single,25,skilled,good
0<=X<200,existing paid,radio/tv,1484,no known savings,1<=X<4,male mar/wid,25,skilled,bad
no checking,existing paid,repairs,660,500<=X<1000,4<=X<7,male mar/wid,23,unskilled resident,good
no checking,critical/other existing credit,new car,1287,>=1000,>=7,female div/dep/mar,37,skilled,good
<0,critical/other existing credit,repairs,3394,<100,unemployed,male single,65,unemp/unskilled non res,good
>=200,all paid,business,609,<100,<1,female div/dep/mar,26,unemp/unskilled non res,bad
no checking,existing paid,new car,1884,<100,>=7,male single,39,high qualif/self emp/mgmt,good
<0,existing paid,furniture/equipment,1620,<100,1<=X<4,female div/dep/mar,30,skilled,good
0<=X<200,delayed previously,other,2629,<100,1<=X<4,male single,29,skilled,good
no checking,existing paid,education,719,<100,>=7,male single,41,unskilled resident,bad
0<=X<200,critical/other existing credit,furniture/equipment,5096,<100,1<=X<4,female div/dep/mar,30,high qualif/self emp/mgmt,bad
no checking,critical/other existing credit,education,1244,no known savings,>=7,female div/dep/mar,41,unskilled resident,good
<0,existing paid,new car,1842,<100,<1,female div/dep/mar,34,skilled,bad
0<=X<200,existing paid,radio/tv,2576,<100,1<=X<4,male single,0.35,skilled,good
>=200,existing paid,furniture/equipment,1424,no known savings,>=7,female div/dep/mar,55,high qualif/self emp/mgmt,good
0<=X<200,delayed previously,repairs,1512,>=1000,1<=X<4,male mar/wid,61,skilled,bad
no checking,critical/other existing credit,used car,11054,no known savings,1<=X<4,male single,30,high qualif/self emp/mgmt,good
no checking,existing paid,radio/tv,518,<100,1<=X<4,female div/dep/mar,29,skilled,good
no checking,no credits/all paid,furniture/equipment,2759,<100,>=7,male single,34,skilled,good
no checking,existing paid,used car,2670,<100,>=7,male single,35,high qualif/self emp/mgmt,good
<0,existing paid,new car,4817,<100,4<=X<7,male single,31,skilled,bad
no checking,existing paid,used car,2679,<100,<1,female div/dep/mar,29,high qualif/self emp/mgmt,good
<0,critical/other existing credit,new car,3905,<100,1<=X<4,male single,36,skilled,good
<0,existing paid,used car,3386,<100,>=7,male single,35,skilled,bad
<0,existing paid,domestic appliance,343,<100,<1,female div/dep/mar,27,skilled,good
no checking,existing paid,radio/tv,4594,<100,<1,male single,32,skilled,good
<0,existing paid,furniture/equipment,3620,<100,1<=X<4,male single,37,skilled,good
<0,existing paid,new car,1721,<100,<1,male single,36,skilled,good
0<=X<200,existing paid,furniture/equipment,3017,<100,<1,female div/dep/mar,34,high qualif/self emp/mgmt,good
0<=X<200,existing paid,retraining,754,no known savings,>=7,male single,38,skilled,good
no checking,existing paid,business,1950,<100,4<=X<7,male single,34,skilled,good
<0,existing paid,used car,2924,<100,1<=X<4,male single,63,skilled,good
<0,delayed previously,radio/tv,1659,<100,<1,female div/dep/mar,29,unskilled resident,bad
no checking,delayed previously,radio/tv,7238,no known savings,>=7,male single,32,skilled,good
no checking,delayed previously,business,2764,<100,1<=X<4,female div/dep/mar,26,skilled,good
no checking,delayed previously,used car,4679,<100,4<=X<7,male single,35,unskilled resident,good
0<=X<200,existing paid,radio/tv,3092,100<=X<500,<1,male mar/wid,22,skilled,bad
<0,existing paid,education,448,<100,<1,female div/dep/mar,23,skilled,bad
<0,existing paid,new car,654,<100,1<=X<4,male single,28,unskilled resident,bad
no checking,existing paid,retraining,1238,no known savings,unemployed,male single,36,high qualif/self emp/mgmt,good
0<=X<200,critical/other existing credit,radio/tv,1245,<100,1<=X<4,male mar/wid,33,skilled,bad
<0,no credits/all paid,furniture/equipment,3114,<100,<1,female div/dep/mar,26,skilled,bad
no checking,existing paid,used car,2569,500<=X<1000,1<=X<4,male single,24,skilled,good
>=200,existing paid,radio/tv,5152,<100,4<=X<7,male single,25,skilled,good
0<=X<200,existing paid,business,1037,100<=X<500,4<=X<7,male single,39,unskilled resident,good
<0,critical/other existing credit,furniture/equipment,1478,<100,>=7,male single,44,skilled,good
0<=X<200,critical/other existing credit,radio/tv,3573,<100,1<=X<4,female div/dep/mar,23,unskilled resident,good
0<=X<200,existing paid,new car,1201,<100,<1,male single,26,skilled,good
<0,existing paid,furniture/equipment,3622,>=1000,>=7,female div/dep/mar,57,skilled,good
no checking,delayed previously,furniture/equipment,960,>=1000,4<=X<7,female div/dep/mar,30,skilled,good
no checking,critical/other existing credit,new car,1163,500<=X<1000,1<=X<4,male single,44,skilled,good
0<=X<200,delayed previously,new car,1209,<100,unemployed,male single,47,high qualif/self emp/mgmt,bad
no checking,existing paid,radio/tv,3077,<100,1<=X<4,male single,52,skilled,good
no checking,existing paid,new car,3757,<100,>=7,female div/dep/mar,62,skilled,good
no checking,existing paid,new car,1418,100<=X<500,1<=X<4,male single,35,unskilled resident,good
no checking,existing paid,new car,3518,<100,1<=X<4,male single,26,skilled,good
no checking,critical/other existing credit,radio/tv,1934,<100,>=7,male single,26,skilled,good
0<=X<200,no credits/all paid,business,8318,<100,>=7,female div/dep/mar,42,high qualif/self emp/mgmt,bad
no checking,critical/other existing credit,radio/tv,1237,100<=X<500,1<=X<4,female div/dep/mar,27,skilled,good
0<=X<200,existing paid,radio/tv,368,no known savings,>=7,male single,38,skilled,good
<0,critical/other existing credit,new car,2122,<100,1<=X<4,male single,39,unskilled resident,good
<0,existing paid,furniture/equipment,2996,no known savings,1<=X<4,male mar/wid,20,skilled,bad
0<=X<200,existing paid,furniture/equipment,9034,100<=X<500,<1,male single,29,high qualif/self emp/mgmt,bad
no checking,critical/other existing credit,furniture/equipment,1585,<100,4<=X<7,male single,40,skilled,good
0<=X<200,existing paid,radio/tv,1301,<100,>=7,male mar/wid,32,unskilled resident,good
>=200,critical/other existing credit,new car,1323,100<=X<500,>=7,male div/sep,28,skilled,good
<0,existing paid,new car,3123,<100,<1,female div/dep/mar,27,skilled,bad
<0,existing paid,used car,5493,<100,>=7,male single,42,skilled,good
>=200,existing paid,radio/tv,1126,100<=X<500,>=7,male div/sep,49,skilled,good
0<=X<200,critical/other existing credit,radio/tv,1216,100<=X<500,<1,male single,38,skilled,bad
<0,existing paid,new car,1207,<100,<1,female div/dep/mar,24,skilled,bad
no checking,existing paid,new car,1309,no known savings,1<=X<4,male single,27,unskilled resident,bad
>=200,critical/other existing credit,used car,2360,500<=X<1000,1<=X<4,male single,36,skilled,good
0<=X<200,all paid,new car,6850,100<=X<500,unemployed,male single,34,high qualif/self emp/mgmt,bad
no checking,existing paid,radio/tv,1413,<100,1<=X<4,male mar/wid,28,skilled,good
no checking,existing paid,used car,8588,100<=X<500,>=7,male single,45,high qualif/self emp/mgmt,good
<0,existing paid,new car,759,<100,4<=X<7,male single,26,skilled,bad
no checking,existing paid,used car,4686,<100,1<=X<4,male single,32,high qualif/self emp/mgmt,good
>=200,existing paid,business,2687,<100,4<=X<7,male single,26,skilled,good
0<=X<200,delayed previously,radio/tv,585,<100,1<=X<4,male mar/wid,20,skilled,good
no checking,existing paid,new car,2255,no known savings,<1,male single,54,skilled,good
<0,critical/other existing credit,new car,609,<100,4<=X<7,female div/dep/mar,37,skilled,good
<0,critical/other existing credit,new car,1361,<100,<1,male single,40,unskilled resident,good
no checking,critical/other existing credit,furniture/equipment,7127,<100,<1,female div/dep/mar,23,skilled,bad
<0,existing paid,new car,1203,100<=X<500,>=7,male single,43,skilled,good
no checking,critical/other existing credit,radio/tv,700,no known savings,>=7,male single,36,skilled,good
no checking,critical/other existing credit,repairs,5507,<100,>=7,male single,44,skilled,good
<0,existing paid,radio/tv,3190,<100,1<=X<4,female div/dep/mar,24,skilled,bad
<0,no credits/all paid,furniture/equipment,7119,<100,1<=X<4,male single,53,skilled,bad
no checking,existing paid,used car,3488,100<=X<500,4<=X<7,female div/dep/mar,23,skilled,good
0<=X<200,existing paid,radio/tv,1113,<100,1<=X<4,female div/dep/mar,26,unskilled resident,good
0<=X<200,existing paid,used car,7966,<100,<1,male single,30,skilled,good
no checking,critical/other existing credit,education,1532,100<=X<500,1<=X<4,female div/dep/mar,31,skilled,good
no checking,critical/other existing credit,radio/tv,1503,<100,4<=X<7,male single,42,unskilled resident,good
<0,existing paid,radio/tv,2302,<100,1<=X<4,male div/sep,31,skilled,bad
<0,existing paid,new car,662,<100,<1,male single,41,unskilled resident,good
0<=X<200,existing paid,education,2273,<100,4<=X<7,male single,32,skilled,good
0<=X<200,existing paid,new car,2631,100<=X<500,1<=X<4,female div/dep/mar,28,skilled,bad
no checking,delayed previously,used car,1503,<100,1<=X<4,male mar/wid,41,skilled,good
no checking,existing paid,radio/tv,1311,100<=X<500,4<=X<7,male mar/wid,26,skilled,good
no checking,existing paid,radio/tv,3105,no known savings,<1,male single,25,skilled,good
>=200,critical/other existing credit,education,2319,<100,<1,male div/sep,33,skilled,bad
<0,existing paid,new car,1374,no known savings,unemployed,female div/dep/mar,75,high qualif/self emp/mgmt,good
0<=X<200,critical/other existing credit,furniture/equipment,3612,<100,>=7,female div/dep/mar,37,skilled,good
<0,existing paid,new car,7763,<100,>=7,male single,42,high qualif/self emp/mgmt,bad
>=200,existing paid,furniture/equipment,3049,<100,<1,female div/dep/mar,45,unskilled resident,good
0<=X<200,existing paid,radio/tv,1534,<100,<1,male mar/wid,23,skilled,bad
no checking,delayed previously,new car,2032,<100,>=7,male single,60,skilled,good
<0,existing paid,furniture/equipment,6350,no known savings,>=7,male single,31,skilled,bad
>=200,existing paid,furniture/equipment,2864,<100,1<=X<4,male single,34,unskilled resident,bad
no checking,critical/other existing credit,new car,1255,<100,>=7,male single,61,unskilled resident,good
<0,delayed previously,new car,1333,<100,unemployed,male single,43,skilled,bad
no checking,critical/other existing credit,new car,2022,<100,1<=X<4,female div/dep/mar,37,skilled,good
no checking,existing paid,radio/tv,1552,<100,4<=X<7,male single,32,skilled,good
<0,all paid,radio/tv,626,<100,1<=X<4,female div/dep/mar,24,unskilled resident,bad
no checking,critical/other existing credit,used car,8858,no known savings,4<=X<7,male single,35,skilled,good
no checking,critical/other existing credit,repairs,996,no known savings,4<=X<7,female div/dep/mar,23,skilled,good
no checking,all paid,radio/tv,1750,500<=X<1000,>=7,male single,45,unskilled resident,good
<0,existing paid,radio/tv,6999,<100,4<=X<7,male mar/wid,34,skilled,bad
0<=X<200,critical/other existing credit,new car,1995,100<=X<500,<1,male single,27,skilled,good
0<=X<200,existing paid,education,1199,<100,4<=X<7,female div/dep/mar,67,high qualif/self emp/mgmt,good
0<=X<200,existing paid,radio/tv,1331,<100,<1,male single,22,skilled,bad
0<=X<200,no credits/all paid,new car,2278,100<=X<500,<1,female div/dep/mar,28,skilled,bad
no checking,no credits/all paid,new car,5003,no known savings,1<=X<4,female div/dep/mar,29,skilled,bad
<0,all paid,furniture/equipment,3552,<100,4<=X<7,male single,27,skilled,bad
0<=X<200,critical/other existing credit,furniture/equipment,1928,<100,<1,male single,31,unskilled resident,bad
<0,existing paid,used car,2964,no known savings,>=7,male single,49,skilled,good
<0,all paid,radio/tv,1546,<100,4<=X<7,male single,24,unskilled resident,bad
>=200,delayed previously,radio/tv,683,<100,<1,female div/dep/mar,29,skilled,good
0<=X<200,existing paid,new car,12389,no known savings,1<=X<4,male single,37,skilled,bad
0<=X<200,delayed previously,business,4712,no known savings,1<=X<4,male single,37,high qualif/self emp/mgmt,good
0<=X<200,delayed previously,radio/tv,1553,100<=X<500,4<=X<7,female div/dep/mar,23,skilled,good
<0,existing paid,new car,1372,<100,4<=X<7,male div/sep,36,skilled,bad
no checking,critical/other existing credit,radio/tv,2578,>=1000,>=7,male single,34,skilled,good
0<=X<200,existing paid,radio/tv,3979,no known savings,4<=X<7,male single,41,skilled,good
<0,existing paid,radio/tv,6758,<100,1<=X<4,female div/dep/mar,31,skilled,bad
<0,existing paid,furniture/equipment,3234,<100,<1,female div/dep/mar,23,unskilled resident,bad
no checking,critical/other existing credit,radio/tv,5954,<100,4<=X<7,male single,38,skilled,good
no checking,existing paid,used car,5433,no known savings,unemployed,female div/dep/mar,26,high qualif/self emp/mgmt,good
<0,existing paid,business,806,<100,1<=X<4,female div/dep/mar,22,unskilled resident,good
0<=X<200,existing paid,radio/tv,1082,<100,>=7,male single,27,unskilled resident,good
no checking,critical/other existing credit,furniture/equipment,2788,<100,4<=X<7,female div/dep/mar,24,skilled,good
0<=X<200,existing paid,radio/tv,2930,<100,4<=X<7,female div/dep/mar,27,skilled,good
no checking,critical/other existing credit,education,1927,no known savings,1<=X<4,female div/dep/mar,33,skilled,good
0<=X<200,critical/other existing credit,new car,2820,<100,<1,male div/sep,27,skilled,bad
no checking,existing paid,retraining,937,<100,<1,male mar/wid,27,unskilled resident,good
0<=X<200,critical/other existing credit,new car,1056,<100,>=7,male single,30,skilled,bad
0<=X<200,critical/other existing credit,new car,3124,<100,<1,male single,49,unskilled resident,good
no checking,existing paid,furniture/equipment,1388,<100,1<=X<4,female div/dep/mar,26,skilled,good
0<=X<200,existing paid,repairs,2384,<100,<1,male single,33,unskilled resident,bad
no checking,existing paid,new car,2133,no known savings,>=7,female div/dep/mar,52,high qualif/self emp/mgmt,good
<0,existing paid,furniture/equipment,2039,<100,1<=X<4,female div/dep/mar,20,skilled,bad
<0,critical/other existing credit,new car,2799,<100,1<=X<4,male single,36,skilled,good
<0,existing paid,furniture/equipment,1289,<100,1<=X<4,male single,21,unskilled resident,good
<0,existing paid,domestic appliance,1217,<100,1<=X<4,male mar/wid,47,unskilled resident,bad
<0,critical/other existing credit,furniture/equipment,2246,<100,>=7,male single,60,skilled,bad
<0,critical/other existing credit,radio/tv,385,<100,4<=X<7,female div/dep/mar,58,unskilled resident,good
0<=X<200,delayed previously,new car,1965,no known savings,1<=X<4,female div/dep/mar,42,skilled,good
no checking,existing paid,business,1572,>=1000,>=7,female div/dep/mar,36,unskilled resident,good
0<=X<200,existing paid,new car,2718,<100,1<=X<4,female div/dep/mar,20,unskilled resident,bad
<0,all paid,other,1358,no known savings,>=7,male single,40,high qualif/self emp/mgmt,bad
0<=X<200,all paid,new car,931,100<=X<500,<1,female div/dep/mar,32,unskilled resident,bad
<0,existing paid,new car,1442,<100,4<=X<7,female div/dep/mar,23,skilled,bad
0<=X<200,no credits/all paid,business,4241,<100,1<=X<4,male single,36,unskilled resident,bad
no checking,critical/other existing credit,new car,2775,<100,4<=X<7,male single,31,skilled,bad
no checking,delayed previously,business,3863,<100,1<=X<4,male single,32,skilled,good
0<=X<200,existing paid,radio/tv,2329,<100,<1,female div/dep/mar,45,skilled,good
0<=X<200,existing paid,furniture/equipment,918,<100,1<=X<4,female div/dep/mar,30,skilled,bad
0<=X<200,all paid,education,1837,<100,4<=X<7,female div/dep/mar,34,unskilled resident,bad
no checking,existing paid,furniture/equipment,3349,<100,1<=X<4,female div/dep/mar,28,high qualif/self emp/mgmt,bad
>=200,existing paid,furniture/equipment,1275,<100,<1,female div/dep/mar,23,skilled,good
<0,all paid,furniture/equipment,2828,500<=X<1000,1<=X<4,male single,22,skilled,good
no checking,critical/other existing credit,business,4526,<100,1<=X<4,male single,74,high qualif/self emp/mgmt,good
0<=X<200,existing paid,radio/tv,2671,100<=X<500,1<=X<4,female div/dep/mar,50,skilled,bad
no checking,existing paid,radio/tv,2051,<100,<1,male single,33,skilled,good
no checking,existing paid,used car,1300,no known savings,>=7,male single,45,skilled,good
<0,existing paid,domestic appliance,741,100<=X<500,unemployed,female div/dep/mar,22,skilled,bad
>=200,existing paid,new car,1240,100<=X<500,>=7,female div/dep/mar,48,unskilled resident,bad
<0,existing paid,radio/tv,3357,>=1000,<1,female div/dep/mar,29,skilled,good
<0,all paid,used car,3632,<100,1<=X<4,female div/dep/mar,22,skilled,good
no checking,delayed previously,furniture/equipment,1808,<100,4<=X<7,female div/dep/mar,22,skilled,bad
0<=X<200,no credits/all paid,business,12204,no known savings,1<=X<4,male single,48,high qualif/self emp/mgmt,good
0<=X<200,delayed previously,radio/tv,9157,no known savings,1<=X<4,male single,27,high qualif/self emp/mgmt,good
<0,critical/other existing credit,new car,3676,<100,1<=X<4,male single,37,skilled,good
0<=X<200,existing paid,furniture/equipment,3441,100<=X<500,1<=X<4,female div/dep/mar,21,skilled,bad
no checking,existing paid,new car,640,<100,1<=X<4,male div/sep,49,unskilled resident,good
0<=X<200,critical/other existing credit,business,3652,<100,4<=X<7,male single,27,skilled,good
no checking,critical/other existing credit,new car,1530,<100,1<=X<4,male single,32,skilled,bad
no checking,existing paid,business,3914,no known savings,1<=X<4,male div/sep,38,skilled,bad
<0,existing paid,furniture/equipment,1858,<100,<1,female div/dep/mar,22,skilled,good
<0,existing paid,radio/tv,2600,<100,1<=X<4,male single,65,skilled,bad
no checking,existing paid,radio/tv,1979,no known savings,>=7,male single,35,skilled,good
>=200,existing paid,furniture/equipment,2116,<100,1<=X<4,male single,41,skilled,good
0<=X<200,all paid,new car,1437,100<=X<500,4<=X<7,male single,29,skilled,bad
no checking,critical/other existing credit,furniture/equipment,4042,500<=X<1000,1<=X<4,male single,36,skilled,good
no checking,existing paid,education,3832,no known savings,>=7,male single,64,unskilled resident,good
<0,existing paid,radio/tv,3660,<100,1<=X<4,female div/dep/mar,28,skilled,good
<0,all paid,furniture/equipment,1553,<100,1<=X<4,male single,44,skilled,bad
0<=X<200,existing paid,radio/tv,1444,no known savings,<1,male single,23,skilled,good
no checking,existing paid,furniture/equipment,1980,<100,<1,female div/dep/mar,19,skilled,bad
0<=X<200,existing paid,new car,1355,<100,<1,female div/dep/mar,25,unskilled resident,bad
no checking,existing paid,education,1393,<100,>=7,male single,47,skilled,good
no checking,existing paid,radio/tv,1376,500<=X<1000,4<=X<7,female div/dep/mar,28,skilled,good
no checking,delayed previously,radio/tv,15653,<100,4<=X<7,male single,21,skilled,good
no checking,existing paid,radio/tv,1493,<100,<1,female div/dep/mar,34,skilled,good
<0,delayed previously,radio/tv,4370,<100,4<=X<7,male single,26,skilled,bad
<0,existing paid,education,750,<100,unemployed,female div/dep/mar,27,unemp/unskilled non res,bad
0<=X<200,existing paid,repairs,1308,<100,>=7,male single,38,unskilled resident,good
no checking,existing paid,education,4623,100<=X<500,1<=X<4,male single,40,high qualif/self emp/mgmt,bad
no checking,critical/other existing credit,radio/tv,1851,<100,4<=X<7,male mar/wid,33,skilled,good
<0,critical/other existing credit,radio/tv,1880,<100,4<=X<7,male mar/wid,32,high qualif/self emp/mgmt,good
no checking,delayed previously,business,7980,no known savings,<1,male single,27,skilled,bad
<0,no credits/all paid,furniture/equipment,4583,<100,1<=X<4,male div/sep,32,skilled,good
no checking,existing paid,new car,1386,500<=X<1000,1<=X<4,female div/dep/mar,26,skilled,bad
>=200,existing paid,new car,947,<100,4<=X<7,male single,38,skilled,bad
<0,existing paid,education,684,<100,1<=X<4,male single,40,unskilled resident,bad
<0,existing paid,education,7476,<100,4<=X<7,male single,50,high qualif/self emp/mgmt,good
0<=X<200,existing paid,furniture/equipment,1922,<100,1<=X<4,male single,37,unskilled resident,bad
<0,existing paid,new car,2303,<100,>=7,male single,45,skilled,bad
0<=X<200,delayed previously,new car,8086,100<=X<500,>=7,male single,42,high qualif/self emp/mgmt,bad
no checking,critical/other existing credit,used car,2346,<100,4<=X<7,male single,35,skilled,good
<0,existing paid,new car,3973,<100,unemployed,male single,22,skilled,good
0<=X<200,existing paid,new car,888,<100,>=7,male single,41,unskilled resident,bad
no checking,existing paid,radio/tv,10222,no known savings,4<=X<7,male single,37,skilled,good
0<=X<200,no credits/all paid,business,4221,<100,1<=X<4,female div/dep/mar,28,skilled,good
0<=X<200,critical/other existing credit,furniture/equipment,6361,<100,>=7,male single,41,skilled,good
>=200,existing paid,radio/tv,1297,<100,1<=X<4,male mar/wid,23,skilled,good
<0,existing paid,new car,900,no known savings,1<=X<4,male mar/wid,23,skilled,bad
no checking,existing paid,furniture/equipment,2241,<100,>=7,male single,50,skilled,good
0<=X<200,delayed previously,furniture/equipment,1050,<100,unemployed,male single,35,high qualif/self emp/mgmt,good
>=200,critical/other existing credit,education,1047,<100,1<=X<4,female div/dep/mar,50,unskilled resident,good
no checking,critical/other existing credit,other,6314,<100,unemployed,male single,27,high qualif/self emp/mgmt,good
0<=X<200,all paid,furniture/equipment,3496,>=1000,1<=X<4,male single,34,skilled,good
no checking,all paid,business,3609,<100,1<=X<4,female div/dep/mar,27,skilled,good
<0,critical/other existing credit,new car,4843,<100,>=7,male single,43,skilled,bad
>=200,critical/other existing credit,radio/tv,3017,<100,>=7,male single,47,skilled,good
no checking,critical/other existing credit,business,4139,100<=X<500,1<=X<4,male single,27,unskilled resident,good
no checking,existing paid,business,5742,100<=X<500,4<=X<7,male single,31,skilled,good
no checking,existing paid,new car,10366,<100,>=7,male single,42,high qualif/self emp/mgmt,good
no checking,critical/other existing credit,new car,2080,500<=X<1000,1<=X<4,male mar/wid,24,skilled,good
no checking,delayed previously,business,2580,500<=X<1000,<1,male single,41,unskilled resident,bad
no checking,critical/other existing credit,radio/tv,4530,<100,4<=X<7,female div/dep/mar,26,high qualif/self emp/mgmt,good
no checking,critical/other existing credit,furniture/equipment,5150,<100,>=7,male single,33,skilled,good
0<=X<200,existing paid,radio/tv,5595,100<=X<500,1<=X<4,male mar/wid,24,skilled,bad
<0,existing paid,radio/tv,2384,<100,>=7,male single,64,unskilled resident,good
no checking,existing paid,radio/tv,1453,<100,<1,female div/dep/mar,26,skilled,good
no checking,existing paid,education,1538,<100,<1,female div/dep/mar,56,skilled,good
no checking,existing paid,radio/tv,2279,no known savings,1<=X<4,male single,37,skilled,good
no checking,delayed previously,radio/tv,1478,<100,1<=X<4,male mar/wid,33,skilled,good
no checking,critical/other existing credit,radio/tv,5103,<100,<1,male mar/wid,47,skilled,good
0<=X<200,delayed previously,business,9857,100<=X<500,4<=X<7,male single,31,unskilled resident,good
no checking,existing paid,new car,6527,no known savings,1<=X<4,male single,34,skilled,good
>=200,critical/other existing credit,radio/tv,1347,no known savings,4<=X<7,male single,27,skilled,good
0<=X<200,delayed previously,new car,2862,100<=X<500,>=7,male single,30,skilled,good
no checking,existing paid,radio/tv,2753,100<=X<500,>=7,male single,35,skilled,good
<0,existing paid,new car,3651,>=1000,1<=X<4,male single,31,skilled,good
<0,critical/other existing credit,furniture/equipment,975,<100,1<=X<4,male div/sep,25,skilled,good
0<=X<200,existing paid,repairs,2631,100<=X<500,1<=X<4,female div/dep/mar,25,unskilled resident,good
0<=X<200,existing paid,radio/tv,2896,100<=X<500,<1,male single,29,skilled,good
<0,critical/other existing credit,new car,4716,no known savings,<1,male single,44,unskilled resident,good
no checking,existing paid,radio/tv,2284,<100,4<=X<7,male single,28,skilled,good
no checking,existing paid,used car,1236,500<=X<1000,1<=X<4,male single,50,skilled,good
0<=X<200,existing paid,radio/tv,1103,<100,4<=X<7,male single,29,skilled,good
no checking,critical/other existing credit,new car,926,<100,unemployed,female div/dep/mar,38,unemp/unskilled non res,good
no checking,critical/other existing credit,radio/tv,1800,<100,1<=X<4,male single,24,skilled,good
>=200,existing paid,education,1905,<100,>=7,male single,40,high qualif/self emp/mgmt,good
no checking,existing paid,furniture/equipment,1123,500<=X<1000,1<=X<4,female div/dep/mar,29,unskilled resident,bad
<0,critical/other existing credit,used car,6331,<100,>=7,male single,46,skilled,bad
>=200,existing paid,radio/tv,1377,100<=X<500,>=7,female div/dep/mar,47,skilled,good
0<=X<200,delayed previously,business,2503,100<=X<500,>=7,male single,41,skilled,good
0<=X<200,existing paid,business,2528,<100,<1,female div/dep/mar,32,skilled,good
no checking,existing paid,new car,5324,500<=X<1000,>=7,female div/dep/mar,35,skilled,good
0<=X<200,existing paid,new car,6560,100<=X<500,4<=X<7,male single,24,skilled,bad
0<=X<200,no credits/all paid,furniture/equipment,2969,<100,<1,female div/dep/mar,25,skilled,bad
0<=X<200,existing paid,radio/tv,1206,<100,>=7,female div/dep/mar,25,skilled,good
0<=X<200,existing paid,radio/tv,2118,<100,1<=X<4,male single,37,unskilled resident,good
no checking,critical/other existing credit,radio/tv,629,500<=X<1000,>=7,male single,32,high qualif/self emp/mgmt,good
<0,all paid,education,1198,<100,>=7,female div/dep/mar,35,skilled,bad
no checking,existing paid,used car,2476,no known savings,>=7,male single,46,high qualif/self emp/mgmt,good
<0,critical/other existing credit,radio/tv,1138,<100,1<=X<4,male single,25,unskilled resident,good
0<=X<200,existing paid,new car,14027,<100,4<=X<7,male single,27,high qualif/self emp/mgmt,bad
no checking,critical/other existing credit,used car,7596,no known savings,>=7,male single,63,skilled,good
no checking,critical/other existing credit,radio/tv,3077,no known savings,>=7,male single,40,skilled,good
no checking,existing paid,radio/tv,1505,<100,1<=X<4,male single,32,high qualif/self emp/mgmt,good
>=200,critical/other existing credit,radio/tv,3148,no known savings,1<=X<4,male single,31,skilled,good
0<=X<200,no credits/all paid,used car,6148,100<=X<500,>=7,male mar/wid,31,skilled,good
>=200,no credits/all paid,radio/tv,1337,<100,<1,male single,34,high qualif/self emp/mgmt,bad
0<=X<200,all paid,education,433,>=1000,<1,female div/dep/mar,24,skilled,bad
<0,existing paid,new car,1228,<100,1<=X<4,female div/dep/mar,24,unskilled resident,bad
0<=X<200,existing paid,radio/tv,790,500<=X<1000,1<=X<4,female div/dep/mar,66,unskilled resident,good
no checking,existing paid,new car,2570,<100,1<=X<4,female div/dep/mar,21,skilled,bad
no checking,critical/other existing credit,new car,250,>=1000,1<=X<4,female div/dep/mar,41,unskilled resident,good
no checking,critical/other existing credit,radio/tv,1316,500<=X<1000,1<=X<4,male mar/wid,47,unskilled resident,good
<0,existing paid,radio/tv,1882,<100,1<=X<4,female div/dep/mar,25,skilled,bad
0<=X<200,all paid,business,6416,<100,>=7,female div/dep/mar,59,skilled,bad
>=200,critical/other existing credit,business,1275,>=1000,1<=X<4,male div/sep,36,skilled,good
0<=X<200,delayed previously,radio/tv,6403,<100,<1,male single,33,skilled,good
<0,existing paid,radio/tv,1987,<100,1<=X<4,male single,21,unskilled resident,bad
0<=X<200,existing paid,radio/tv,760,<100,4<=X<7,female div/dep/mar,44,unskilled resident,good
no checking,existing paid,used car,2603,>=1000,1<=X<4,female div/dep/mar,28,skilled,good
no checking,critical/other existing credit,new car,3380,<100,4<=X<7,female div/dep/mar,37,skilled,good
0<=X<200,all paid,domestic appliance,3990,no known savings,<1,female div/dep/mar,29,unemp/unskilled non res,good
0<=X<200,existing paid,used car,11560,<100,1<=X<4,female div/dep/mar,23,high qualif/self emp/mgmt,bad
<0,existing paid,new car,4380,100<=X<500,1<=X<4,male single,35,unskilled resident,good
no checking,critical/other existing credit,new car,6761,<100,4<=X<7,male single,45,high qualif/self emp/mgmt,good
0<=X<200,no credits/all paid,business,4280,100<=X<500,1<=X<4,female div/dep/mar,26,unskilled resident,bad
<0,all paid,new car,2325,100<=X<500,4<=X<7,male single,32,skilled,good
0<=X<200,all paid,radio/tv,1048,<100,1<=X<4,male single,23,unskilled resident,good
no checking,existing paid,radio/tv,3160,no known savings,>=7,male single,41,skilled,good
<0,all paid,furniture/equipment,2483,500<=X<1000,1<=X<4,male single,22,skilled,good
<0,critical/other existing credit,furniture/equipment,14179,no known savings,4<=X<7,male single,30,high qualif/self emp/mgmt,good
<0,critical/other existing credit,business,1797,<100,<1,male single,28,unskilled resident,good
<0,existing paid,new car,2511,<100,unemployed,female div/dep/mar,23,skilled,good
<0,existing paid,new car,1274,<100,<1,female div/dep/mar,37,unskilled resident,bad
no checking,existing paid,used car,5248,no known savings,1<=X<4,male single,26,skilled,good
no checking,existing paid,used car,3029,<100,4<=X<7,male single,33,skilled,good
<0,existing paid,furniture/equipment,428,<100,>=7,female div/dep/mar,49,skilled,good
<0,existing paid,new car,976,<100,<1,female div/dep/mar,23,unskilled resident,bad
0<=X<200,existing paid,business,841,100<=X<500,4<=X<7,female div/dep/mar,23,unskilled resident,good
no checking,critical/other existing credit,radio/tv,5771,<100,4<=X<7,female div/dep/mar,25,skilled,good
no checking,delayed previously,repairs,1555,>=1000,>=7,male single,55,skilled,bad
<0,existing paid,new car,1285,no known savings,4<=X<7,female div/dep/mar,32,skilled,bad
>=200,critical/other existing credit,new car,1299,<100,1<=X<4,male single,74,unemp/unskilled non res,good
>=200,critical/other existing credit,radio/tv,1271,no known savings,1<=X<4,male single,39,skilled,bad
no checking,existing paid,new car,1393,<100,1<=X<4,male single,31,skilled,good
<0,critical/other existing credit,new car,691,<100,>=7,male single,35,skilled,bad
no checking,critical/other existing credit,new car,5045,no known savings,>=7,female div/dep/mar,59,skilled,good
<0,critical/other existing credit,furniture/equipment,2124,<100,1<=X<4,female div/dep/mar,24,skilled,bad
<0,existing paid,radio/tv,2214,<100,1<=X<4,male single,24,unskilled resident,good
no checking,critical/other existing credit,new car,12680,no known savings,>=7,male single,30,high qualif/self emp/mgmt,bad
no checking,critical/other existing credit,new car,2463,100<=X<500,4<=X<7,male mar/wid,27,skilled,good
0<=X<200,existing paid,radio/tv,1155,<100,>=7,male mar/wid,40,unskilled resident,good
<0,existing paid,furniture/equipment,3108,<100,<1,male div/sep,31,unskilled resident,bad
no checking,existing paid,used car,2901,no known savings,<1,female div/dep/mar,31,skilled,good
0<=X<200,critical/other existing credit,furniture/equipment,3617,<100,>=7,male single,28,skilled,good
no checking,critical/other existing credit,radio/tv,1655,<100,>=7,male single,63,unskilled resident,good
<0,existing paid,used car,2812,no known savings,>=7,female div/dep/mar,26,skilled,good
<0,critical/other existing credit,education,8065,<100,1<=X<4,female div/dep/mar,25,high qualif/self emp/mgmt,bad
no checking,critical/other existing credit,used car,3275,<100,>=7,male single,36,high qualif/self emp/mgmt,good
no checking,critical/other existing credit,radio/tv,2223,100<=X<500,>=7,male single,52,skilled,good
>=200,critical/other existing credit,new car,1480,500<=X<1000,unemployed,male single,66,unemp/unskilled non res,good
<0,existing paid,new car,1371,no known savings,1<=X<4,female div/dep/mar,25,skilled,bad
no checking,critical/other existing credit,new car,3535,<100,4<=X<7,male single,37,skilled,good
<0,existing paid,radio/tv,3509,<100,4<=X<7,female div/dep/mar,25,skilled,good
no checking,critical/other existing credit,used car,5711,>=1000,>=7,male single,38,high qualif/self emp/mgmt,good
0<=X<200,existing paid,repairs,3872,<100,unemployed,female div/dep/mar,67,skilled,good
0<=X<200,critical/other existing credit,radio/tv,4933,<100,4<=X<7,male single,25,skilled,bad
no checking,critical/other existing credit,new car,1940,>=1000,>=7,male single,60,skilled,good
0<=X<200,no credits/all paid,retraining,1410,<100,1<=X<4,male single,31,unskilled resident,good
0<=X<200,existing paid,new car,836,100<=X<500,<1,female div/dep/mar,23,unskilled resident,bad
0<=X<200,existing paid,used car,6468,no known savings,unemployed,male div/sep,60,high qualif/self emp/mgmt,good
0<=X<200,existing paid,business,1941,>=1000,1<=X<4,male single,35,unskilled resident,good
no checking,existing paid,radio/tv,2675,500<=X<1000,>=7,male single,40,skilled,good
no checking,critical/other existing credit,used car,2751,no known savings,>=7,male single,38,skilled,good
0<=X<200,delayed previously,education,6224,<100,>=7,male single,50,skilled,bad
<0,critical/other existing credit,education,5998,<100,1<=X<4,male single,27,skilled,bad
0<=X<200,existing paid,business,1188,<100,>=7,female div/dep/mar,39,skilled,bad
no checking,existing paid,used car,6313,no known savings,>=7,male single,41,high qualif/self emp/mgmt,good
no checking,critical/other existing credit,furniture/equipment,1221,no known savings,1<=X<4,male mar/wid,27,skilled,good
>=200,existing paid,furniture/equipment,2892,<100,>=7,male div/sep,51,skilled,good
no checking,existing paid,furniture/equipment,3062,500<=X<1000,>=7,male single,32,skilled,good
no checking,existing paid,furniture/equipment,2301,100<=X<500,<1,female div/dep/mar,22,skilled,good
<0,existing paid,used car,7511,no known savings,>=7,male single,51,skilled,bad
no checking,critical/other existing credit,furniture/equipment,1258,<100,<1,female div/dep/mar,22,unskilled resident,good
no checking,delayed previously,new car,717,no known savings,>=7,male mar/wid,54,skilled,good
0<=X<200,existing paid,new car,1549,no known savings,<1,male single,35,unemp/unskilled non res,good
no checking,critical/other existing credit,education,1597,<100,>=7,male single,54,skilled,good
0<=X<200,critical/other existing credit,radio/tv,1795,<100,>=7,female div/dep/mar,48,unskilled resident,good
<0,critical/other existing credit,furniture/equipment,4272,<100,>=7,female div/dep/mar,24,skilled,good
no checking,critical/other existing credit,radio/tv,976,no known savings,>=7,male single,35,skilled,good
0<=X<200,existing paid,new car,7472,no known savings,unemployed,female div/dep/mar,24,unemp/unskilled non res,good
<0,existing paid,new car,9271,<100,4<=X<7,male single,24,skilled,bad
0<=X<200,existing paid,radio/tv,590,<100,<1,male mar/wid,26,unskilled resident,good
no checking,critical/other existing credit,radio/tv,930,no known savings,>=7,male single,65,skilled,good
0<=X<200,all paid,used car,9283,<100,unemployed,male single,55,high qualif/self emp/mgmt,good
0<=X<200,no credits/all paid,new car,1778,<100,<1,female div/dep/mar,26,unemp/unskilled non res,bad
0<=X<200,existing paid,business,907,<100,<1,male mar/wid,26,skilled,good
0<=X<200,existing paid,radio/tv,484,<100,4<=X<7,male mar/wid,28,unskilled resident,good
<0,critical/other existing credit,used car,9629,<100,4<=X<7,male single,24,skilled,bad
<0,existing paid,domestic appliance,3051,<100,1<=X<4,male single,54,skilled,bad
<0,existing paid,new car,3931,<100,4<=X<7,male single,46,skilled,bad
0<=X<200,delayed previously,new car,7432,<100,1<=X<4,female div/dep/mar,54,skilled,good
no checking,existing paid,domestic appliance,1338,500<=X<1000,1<=X<4,male div/sep,62,skilled,good
no checking,critical/other existing credit,radio/tv,1554,<100,4<=X<7,female div/dep/mar,24,skilled,good
<0,existing paid,other,15857,<100,unemployed,male div/sep,43,high qualif/self emp/mgmt,good
<0,existing paid,radio/tv,1345,<100,1<=X<4,male mar/wid,26,skilled,bad
no checking,existing paid,new car,1101,<100,1<=X<4,male mar/wid,27,skilled,good
>=200,existing paid,radio/tv,3016,<100,1<=X<4,male mar/wid,24,skilled,good
<0,existing paid,furniture/equipment,2712,<100,>=7,male single,41,skilled,bad
<0,critical/other existing credit,new car,731,<100,>=7,male single,47,unskilled resident,good
no checking,critical/other existing credit,furniture/equipment,3780,<100,<1,male div/sep,35,high qualif/self emp/mgmt,good
<0,critical/other existing credit,new car,1602,<100,>=7,male mar/wid,30,skilled,good
<0,critical/other existing credit,new car,3966,<100,>=7,female div/dep/mar,33,skilled,bad
no checking,no credits/all paid,business,4165,<100,1<=X<4,male single,36,skilled,bad
<0,existing paid,used car,8335,no known savings,>=7,male single,47,skilled,bad
0<=X<200,delayed previously,business,6681,no known savings,1<=X<4,male single,38,skilled,good
no checking,delayed previously,business,2375,500<=X<1000,1<=X<4,male single,44,skilled,good
<0,existing paid,new car,1216,<100,<1,female div/dep/mar,23,skilled,bad
<0,no credits/all paid,business,11816,<100,>=7,male single,29,skilled,bad
0<=X<200,existing paid,radio/tv,5084,no known savings,>=7,female div/dep/mar,42,skilled,good
>=200,existing paid,radio/tv,2327,<100,<1,female div/dep/mar,25,unskilled resident,bad
<0,no credits/all paid,new car,1082,<100,1<=X<4,male single,48,skilled,bad
no checking,existing paid,radio/tv,886,no known savings,1<=X<4,female div/dep/mar,21,skilled,good
no checking,existing paid,furniture/equipment,601,<100,<1,female div/dep/mar,23,unskilled resident,good
<0,critical/other existing credit,used car,2957,<100,>=7,male single,63,skilled,good
no checking,critical/other existing credit,radio/tv,2611,<100,>=7,male mar/wid,46,skilled,good
<0,existing paid,furniture/equipment,5179,<100,4<=X<7,male single,29,skilled,bad
no checking,delayed previously,used car,2993,<100,1<=X<4,male single,28,unskilled resident,good
no checking,existing paid,repairs,1943,<100,<1,female div/dep/mar,23,skilled,bad
no checking,all paid,business,1559,<100,4<=X<7,male single,50,skilled,good
no checking,existing paid,furniture/equipment,3422,<100,>=7,male single,47,skilled,good
0<=X<200,existing paid,furniture/equipment,3976,no known savings,4<=X<7,male single,35,skilled,good
no checking,existing paid,new car,6761,no known savings,1<=X<4,male single,68,skilled,bad
no checking,existing paid,new car,1249,<100,<1,male mar/wid,28,skilled,good
<0,existing paid,radio/tv,1364,<100,4<=X<7,male single,59,skilled,good
<0,existing paid,radio/tv,709,<100,>=7,male single,57,unskilled resident,bad
<0,critical/other existing credit,new car,2235,<100,1<=X<4,male mar/wid,33,skilled,bad
no checking,critical/other existing credit,used car,4042,no known savings,4<=X<7,male single,43,skilled,good
no checking,critical/other existing credit,radio/tv,1471,<100,1<=X<4,male single,35,skilled,good
<0,all paid,new car,1442,<100,4<=X<7,male single,32,unskilled resident,bad
no checking,delayed previously,new car,10875,<100,>=7,male single,45,skilled,good
no checking,existing paid,new car,1474,100<=X<500,<1,male mar/wid,33,skilled,good
no checking,existing paid,retraining,894,no known savings,4<=X<7,female div/dep/mar,40,skilled,good
no checking,critical/other existing credit,furniture/equipment,3343,<100,1<=X<4,male single,28,skilled,good
<0,existing paid,new car,3959,<100,1<=X<4,female div/dep/mar,29,skilled,bad
no checking,existing paid,new car,3577,100<=X<500,1<=X<4,male single,26,skilled,good
no checking,critical/other existing credit,used car,5804,>=1000,1<=X<4,male single,27,skilled,good
no checking,delayed previously,business,2169,<100,1<=X<4,male mar/wid,28,skilled,bad
<0,existing paid,radio/tv,2439,<100,<1,female div/dep/mar,35,skilled,bad
no checking,critical/other existing credit,furniture/equipment,4526,>=1000,<1,male single,32,unskilled resident,good
no checking,existing paid,furniture/equipment,2210,<100,1<=X<4,male single,25,unskilled resident,bad
no checking,existing paid,furniture/equipment,2221,500<=X<1000,1<=X<4,female div/dep/mar,20,skilled,good
<0,existing paid,radio/tv,2389,<100,<1,female div/dep/mar,27,skilled,good
no checking,critical/other existing credit,furniture/equipment,3331,<100,>=7,male single,42,skilled,good
no checking,existing paid,business,7409,no known savings,>=7,male single,37,skilled,good
<0,existing paid,furniture/equipment,652,<100,>=7,female div/dep/mar,24,skilled,good
no checking,delayed previously,furniture/equipment,7678,500<=X<1000,4<=X<7,female div/dep/mar,40,skilled,good
>=200,critical/other existing credit,new car,1343,<100,>=7,male single,46,skilled,good
<0,critical/other existing credit,business,1382,100<=X<500,4<=X<7,male single,26,skilled,good
no checking,existing paid,domestic appliance,874,no known savings,<1,female div/dep/mar,24,skilled,good
<0,existing paid,furniture/equipment,3590,<100,1<=X<4,male single,29,unskilled resident,good
0<=X<200,critical/other existing credit,new car,1322,>=1000,1<=X<4,female div/dep/mar,40,skilled,good
<0,all paid,radio/tv,1940,<100,<1,male single,36,high qualif/self emp/mgmt,good
no checking,existing paid,radio/tv,3595,<100,>=7,male single,28,skilled,good
<0,existing paid,new car,1422,<100,<1,male single,27,high qualif/self emp/mgmt,bad
no checking,critical/other existing credit,radio/tv,6742,no known savings,4<=X<7,male single,36,skilled,good
no checking,existing paid,used car,7814,<100,4<=X<7,male single,38,high qualif/self emp/mgmt,good
no checking,existing paid,used car,9277,no known savings,1<=X<4,male div/sep,48,skilled,good
0<=X<200,critical/other existing credit,new car,2181,no known savings,>=7,male single,36,skilled,good
no checking,critical/other existing credit,radio/tv,1098,<100,unemployed,female div/dep/mar,65,unemp/unskilled non res,good
0<=X<200,existing paid,furniture/equipment,4057,<100,4<=X<7,male div/sep,43,skilled,bad
<0,existing paid,education,795,<100,<1,female div/dep/mar,53,skilled,bad
0<=X<200,critical/other existing credit,business,2825,no known savings,4<=X<7,male single,34,skilled,good
0<=X<200,existing paid,business,15672,<100,1<=X<4,male single,23,skilled,bad
no checking,critical/other existing credit,new car,6614,<100,>=7,male single,34,high qualif/self emp/mgmt,good
no checking,all paid,used car,7824,no known savings,<1,male single,40,skilled,good
<0,critical/other existing credit,business,2442,<100,>=7,male single,43,high qualif/self emp/mgmt,good
no checking,critical/other existing credit,radio/tv,1829,<100,>=7,male single,46,skilled,good
<0,critical/other existing credit,new car,2171,<100,1<=X<4,male single,38,unskilled resident,good
0<=X<200,critical/other existing credit,used car,5800,<100,1<=X<4,male single,34,skilled,good
no checking,critical/other existing credit,radio/tv,1169,no known savings,1<=X<4,male single,29,skilled,good
no checking,delayed previously,used car,8947,no known savings,4<=X<7,male single,31,high qualif/self emp/mgmt,good
<0,existing paid,radio/tv,2606,<100,<1,female div/dep/mar,28,high qualif/self emp/mgmt,good
no checking,critical/other existing credit,furniture/equipment,1592,>=1000,4<=X<7,female div/dep/mar,35,skilled,good
no checking,existing paid,furniture/equipment,2186,no known savings,4<=X<7,female div/dep/mar,33,unskilled resident,good
<0,existing paid,furniture/equipment,4153,<100,1<=X<4,male single,42,skilled,bad
<0,critical/other existing credit,new car,2625,<100,>=7,male single,43,skilled,bad
no checking,critical/other existing credit,new car,3485,no known savings,<1,male div/sep,44,skilled,good
no checking,critical/other existing credit,used car,10477,no known savings,>=7,male single,42,skilled,good
no checking,existing paid,radio/tv,1386,no known savings,1<=X<4,male mar/wid,40,skilled,good
no checking,existing paid,radio/tv,1278,<100,>=7,male single,36,high qualif/self emp/mgmt,good
<0,existing paid,radio/tv,1107,<100,1<=X<4,male single,20,high qualif/self emp/mgmt,good
<0,existing paid,new car,3763,no known savings,4<=X<7,male single,24,unskilled resident,good
0<=X<200,existing paid,education,3711,no known savings,1<=X<4,male mar/wid,27,skilled,good
no checking,delayed previously,used car,3594,<100,<1,female div/dep/mar,46,unskilled resident,good
0<=X<200,existing paid,new car,3195,no known savings,1<=X<4,female div/dep/mar,33,unskilled resident,good
no checking,delayed previously,radio/tv,4454,<100,1<=X<4,female div/dep/mar,34,skilled,good
0<=X<200,critical/other existing credit,furniture/equipment,4736,<100,<1,female div/dep/mar,25,unskilled resident,bad
0<=X<200,existing paid,radio/tv,2991,no known savings,>=7,female div/dep/mar,25,skilled,good
no checking,existing paid,business,2142,>=1000,>=7,male div/sep,28,skilled,good
<0,all paid,business,3161,<100,1<=X<4,male single,31,skilled,bad
0<=X<200,no credits/all paid,other,18424,<100,1<=X<4,female div/dep/mar,32,high qualif/self emp/mgmt,bad
no checking,existing paid,used car,2848,100<=X<500,1<=X<4,male single,32,skilled,good
<0,existing paid,new car,14896,<100,>=7,male single,68,high qualif/self emp/mgmt,bad
<0,existing paid,furniture/equipment,2359,100<=X<500,unemployed,male div/sep,33,skilled,bad
<0,existing paid,furniture/equipment,3345,<100,>=7,male single,39,high qualif/self emp/mgmt,bad
no checking,critical/other existing credit,furniture/equipment,1817,<100,1<=X<4,female div/dep/mar,28,skilled,good
no checking,delayed previously,radio/tv,12749,500<=X<1000,4<=X<7,male single,37,high qualif/self emp/mgmt,good
<0,existing paid,radio/tv,1366,<100,<1,female div/dep/mar,22,skilled,bad
0<=X<200,existing paid,new car,2002,<100,4<=X<7,male single,30,skilled,good
<0,all paid,furniture/equipment,6872,<100,<1,male div/sep,55,skilled,bad
<0,all paid,new car,697,<100,<1,male single,46,skilled,bad
<0,critical/other existing credit,furniture/equipment,1049,<100,<1,female div/dep/mar,21,skilled,good
<0,existing paid,used car,10297,<100,4<=X<7,male single,39,skilled,bad
no checking,existing paid,radio/tv,1867,no known savings,>=7,male single,58,skilled,good
<0,delayed previously,new car,1344,<100,1<=X<4,male single,43,unskilled resident,good
<0,existing paid,furniture/equipment,1747,<100,<1,male single,24,unskilled resident,good
0<=X<200,existing paid,radio/tv,1670,<100,<1,female div/dep/mar,22,skilled,bad
no checking,critical/other existing credit,new car,1224,<100,1<=X<4,male single,30,skilled,good
no checking,critical/other existing credit,radio/tv,522,500<=X<1000,>=7,male single,42,skilled,good
<0,existing paid,radio/tv,1498,<100,1<=X<4,female div/dep/mar,23,skilled,good
0<=X<200,delayed previously,radio/tv,1919,100<=X<500,<1,male single,30,high qualif/self emp/mgmt,bad
>=200,existing paid,radio/tv,745,<100,1<=X<4,female div/dep/mar,28,unskilled resident,bad
0<=X<200,existing paid,radio/tv,2063,<100,<1,male mar/wid,30,high qualif/self emp/mgmt,good
0<=X<200,existing paid,education,6288,<100,1<=X<4,male single,42,skilled,bad
no checking,critical/other existing credit,used car,6842,no known savings,1<=X<4,male single,46,high qualif/self emp/mgmt,good
no checking,existing paid,new car,3527,no known savings,<1,male single,45,high qualif/self emp/mgmt,good
no checking,existing paid,new car,1546,<100,1<=X<4,male single,31,unskilled resident,good
no checking,existing paid,furniture/equipment,929,no known savings,4<=X<7,male single,31,skilled,good
no checking,critical/other existing credit,new car,1455,<100,4<=X<7,male single,42,unskilled resident,good
<0,existing paid,furniture/equipment,1845,<100,<1,female div/dep/mar,46,skilled,good
0<=X<200,no credits/all paid,new car,8358,500<=X<1000,<1,female div/dep/mar,30,skilled,good
<0,all paid,furniture/equipment,3349,500<=X<1000,<1,male single,30,skilled,bad
no checking,existing paid,new car,2859,no known savings,unemployed,male single,38,high qualif/self emp/mgmt,good
no checking,existing paid,furniture/equipment,1533,<100,<1,male mar/wid,43,unskilled resident,bad
no checking,existing paid,radio/tv,3621,100<=X<500,>=7,male single,31,skilled,bad
0<=X<200,critical/other existing credit,business,3590,<100,unemployed,male mar/wid,40,unemp/unskilled non res,good
<0,delayed previously,business,2145,<100,4<=X<7,male single,24,skilled,bad
0<=X<200,existing paid,used car,4113,500<=X<1000,<1,female div/dep/mar,28,skilled,bad
no checking,existing paid,furniture/equipment,10974,<100,unemployed,female div/dep/mar,26,high qualif/self emp/mgmt,bad
<0,existing paid,new car,1893,<100,1<=X<4,female div/dep/mar,29,skilled,good
<0,critical/other existing credit,radio/tv,1231,>=1000,>=7,female div/dep/mar,57,high qualif/self emp/mgmt,good
>=200,critical/other existing credit,radio/tv,3656,no known savings,>=7,male single,49,unskilled resident,good
0<=X<200,critical/other existing credit,radio/tv,1154,<100,>=7,male single,37,unskilled resident,good
<0,existing paid,new car,4006,<100,1<=X<4,male single,45,unskilled resident,bad
0<=X<200,existing paid,furniture/equipment,3069,100<=X<500,>=7,male single,30,skilled,good
no checking,critical/other existing credit,radio/tv,1740,<100,>=7,male mar/wid,30,skilled,good
0<=X<200,delayed previously,new car,2353,<100,1<=X<4,male div/sep,47,skilled,good
no checking,existing paid,new car,3556,no known savings,1<=X<4,male single,29,skilled,good
no checking,existing paid,radio/tv,2397,500<=X<1000,>=7,male single,35,skilled,bad
0<=X<200,existing paid,repairs,454,<100,<1,male mar/wid,22,unskilled resident,good
0<=X<200,existing paid,radio/tv,1715,no known savings,1<=X<4,female div/dep/mar,26,skilled,good
0<=X<200,critical/other existing credit,radio/tv,2520,500<=X<1000,1<=X<4,male single,23,unskilled resident,bad
no checking,existing paid,radio/tv,3568,<100,>=7,female div/dep/mar,54,high qualif/self emp/mgmt,good
no checking,existing paid,radio/tv,7166,no known savings,4<=X<7,male mar/wid,29,skilled,good
<0,critical/other existing credit,new car,3939,<100,1<=X<4,male single,40,unskilled resident,good
0<=X<200,existing paid,repairs,1514,100<=X<500,1<=X<4,male single,22,skilled,good
no checking,existing paid,new car,7393,<100,1<=X<4,male single,43,unskilled resident,good
<0,all paid,new car,1193,<100,unemployed,female div/dep/mar,29,unemp/unskilled non res,bad
<0,existing paid,business,7297,<100,>=7,male single,36,skilled,bad
no checking,critical/other existing credit,radio/tv,2831,<100,1<=X<4,female div/dep/mar,33,skilled,good
>=200,existing paid,radio/tv,1258,500<=X<1000,1<=X<4,female div/dep/mar,57,unskilled resident,good
0<=X<200,existing paid,radio/tv,753,<100,1<=X<4,female div/dep/mar,64,skilled,good
0<=X<200,delayed previously,business,2427,no known savings,>=7,male single,42,skilled,good
no checking,delayed previously,new car,2538,<100,>=7,male single,47,unskilled resident,bad
0<=X<200,all paid,new car,1264,100<=X<500,1<=X<4,male mar/wid,25,skilled,bad
0<=X<200,critical/other existing credit,furniture/equipment,8386,<100,4<=X<7,male single,49,skilled,bad
no checking,existing paid,business,4844,<100,unemployed,male single,33,high qualif/self emp/mgmt,bad
>=200,existing paid,new car,2923,100<=X<500,1<=X<4,female div/dep/mar,28,high qualif/self emp/mgmt,good
<0,existing paid,used car,8229,<100,1<=X<4,male single,26,skilled,bad
no checking,critical/other existing credit,furniture/equipment,2028,<100,4<=X<7,male single,30,unskilled resident,good
<0,critical/other existing credit,furniture/equipment,1433,<100,1<=X<4,female div/dep/mar,25,skilled,good
>=200,no credits/all paid,business,6289,<100,<1,male div/sep,33,skilled,good
no checking,existing paid,radio/tv,1409,100<=X<500,unemployed,female div/dep/mar,64,skilled,good
<0,existing paid,used car,6579,<100,unemployed,male single,29,high qualif/self emp/mgmt,good
0<=X<200,critical/other existing credit,radio/tv,1743,<100,>=7,male single,48,unskilled resident,good
no checking,critical/other existing credit,education,3565,no known savings,<1,male single,37,unskilled resident,good
no checking,all paid,radio/tv,1569,100<=X<500,>=7,male single,34,unskilled resident,good
<0,existing paid,radio/tv,1936,no known savings,4<=X<7,male mar/wid,23,unskilled resident,good
<0,existing paid,furniture/equipment,3959,<100,unemployed,male single,30,high qualif/self emp/mgmt,good
no checking,existing paid,new car,2390,no known savings,>=7,male single,50,skilled,good
no checking,existing paid,furniture/equipment,1736,<100,4<=X<7,female div/dep/mar,31,unskilled resident,good
<0,existing paid,used car,3857,<100,1<=X<4,male div/sep,40,high qualif/self emp/mgmt,good
no checking,existing paid,radio/tv,804,<100,>=7,male single,38,skilled,good
<0,existing paid,radio/tv,1845,<100,1<=X<4,male single,23,skilled,bad
0<=X<200,critical/other existing credit,used car,4576,100<=X<500,unemployed,male single,27,skilled,good
